TRAIN,gs://bdcc-project1-346914-vcm/img/4119f258b3d0c39e.jpg,Apple
TRAIN,gs://bdcc-project1-346914-vcm/img/54da4e8f150739d6.jpg,Apple
TRAIN,gs://bdcc-project1-346914-vcm/img/ddb099f8e9862e6f.jpg,Apple
TRAIN,gs://bdcc-project1-346914-vcm/img/90cca5b0354cd6ec.jpg,Apple
TRAIN,gs://bdcc-project1-346914-vcm/img/5c9223a2cf0c8536.jpg,Apple
TRAIN,gs://bdcc-project1-346914-vcm/img/805623aa1cf3670c.jpg,Apple
TRAIN,gs://bdcc-project1-346914-vcm/img/a84baa836bffe1bf.jpg,Apple
TRAIN,gs://bdcc-project1-346914-vcm/img/c097b6e1ae80fc02.jpg,Apple
TRAIN,gs://bdcc-project1-346914-vcm/img/10628bb9eeafafbb.jpg,Apple
TRAIN,gs://bdcc-project1-346914-vcm/img/75bf4fe9b26565e9.jpg,Apple
TRAIN,gs://bdcc-project1-346914-vcm/img/065cfe7c1f112dbf.jpg,Apple
TRAIN,gs://bdcc-project1-346914-vcm/img/540c5536e95a3282.jpg,Apple
TRAIN,gs://bdcc-project1-346914-vcm/img/f6c81c8d321c0f60.jpg,Apple
TRAIN,gs://bdcc-project1-346914-vcm/img/d5fd0e5c203daa2c.jpg,Apple
TRAIN,gs://bdcc-project1-346914-vcm/img/b457dcb5712a6f52.jpg,Apple
TRAIN,gs://bdcc-project1-346914-vcm/img/12cb37e374e3aee7.jpg,Apple
TRAIN,gs://bdcc-project1-346914-vcm/img/44749496c016708d.jpg,Apple
TRAIN,gs://bdcc-project1-346914-vcm/img/13c317f605023811.jpg,Apple
TRAIN,gs://bdcc-project1-346914-vcm/img/a66332a881d018ec.jpg,Apple
TRAIN,gs://bdcc-project1-346914-vcm/img/24a7d30dc785da1d.jpg,Apple
TRAIN,gs://bdcc-project1-346914-vcm/img/c7d1b8d77ca90b86.jpg,Apple
TRAIN,gs://bdcc-project1-346914-vcm/img/6f1f794c23e34a75.jpg,Apple
TRAIN,gs://bdcc-project1-346914-vcm/img/096ca56a5c51f6d6.jpg,Apple
TRAIN,gs://bdcc-project1-346914-vcm/img/410690d34ff17eb4.jpg,Apple
TRAIN,gs://bdcc-project1-346914-vcm/img/592180124eb246e1.jpg,Apple
TRAIN,gs://bdcc-project1-346914-vcm/img/b1a6096b82680b08.jpg,Apple
TRAIN,gs://bdcc-project1-346914-vcm/img/4f9d3f3c5799a974.jpg,Apple
TRAIN,gs://bdcc-project1-346914-vcm/img/c3db81af2f7a985e.jpg,Apple
TRAIN,gs://bdcc-project1-346914-vcm/img/ec27531967696a52.jpg,Apple
TRAIN,gs://bdcc-project1-346914-vcm/img/d0b70f114e7ded00.jpg,Apple
TRAIN,gs://bdcc-project1-346914-vcm/img/bd739d73b70b66c6.jpg,Apple
TRAIN,gs://bdcc-project1-346914-vcm/img/f7a9ccc3d167c2e4.jpg,Apple
TRAIN,gs://bdcc-project1-346914-vcm/img/cf2db30d704d71e4.jpg,Apple
TRAIN,gs://bdcc-project1-346914-vcm/img/81f670d32c59bdd9.jpg,Apple
TRAIN,gs://bdcc-project1-346914-vcm/img/e4b07eeac5b18a45.jpg,Apple
TRAIN,gs://bdcc-project1-346914-vcm/img/a553673e64f737e9.jpg,Apple
TRAIN,gs://bdcc-project1-346914-vcm/img/ad9a41a222faef4c.jpg,Apple
TRAIN,gs://bdcc-project1-346914-vcm/img/b3e9352cb0ef77d2.jpg,Apple
TRAIN,gs://bdcc-project1-346914-vcm/img/9c2fa482de4dedd7.jpg,Apple
TRAIN,gs://bdcc-project1-346914-vcm/img/e8ae2612058aa6ee.jpg,Apple
TRAIN,gs://bdcc-project1-346914-vcm/img/cbe904bafa7d2c92.jpg,Apple
TRAIN,gs://bdcc-project1-346914-vcm/img/1544ceba214932cb.jpg,Apple
TRAIN,gs://bdcc-project1-346914-vcm/img/639d975913a1aa8c.jpg,Apple
TRAIN,gs://bdcc-project1-346914-vcm/img/1b8b2f1fc532cc6d.jpg,Apple
TRAIN,gs://bdcc-project1-346914-vcm/img/580308b950c6d0eb.jpg,Apple
TRAIN,gs://bdcc-project1-346914-vcm/img/123c5bfc13f1c62d.jpg,Apple
TRAIN,gs://bdcc-project1-346914-vcm/img/7c5c73943bb31a57.jpg,Apple
TRAIN,gs://bdcc-project1-346914-vcm/img/14a15a80b628f709.jpg,Apple
TRAIN,gs://bdcc-project1-346914-vcm/img/1dcf7908c7b0db7c.jpg,Apple
TRAIN,gs://bdcc-project1-346914-vcm/img/73c9dc4837915366.jpg,Apple
TRAIN,gs://bdcc-project1-346914-vcm/img/739da9eb562b910c.jpg,Apple
TRAIN,gs://bdcc-project1-346914-vcm/img/d529ce0981e9e0bd.jpg,Apple
TRAIN,gs://bdcc-project1-346914-vcm/img/3c32f587f2c8cfae.jpg,Apple
TRAIN,gs://bdcc-project1-346914-vcm/img/89fe933a24a773ce.jpg,Apple
TRAIN,gs://bdcc-project1-346914-vcm/img/ef69d47f9c156d8e.jpg,Apple
TRAIN,gs://bdcc-project1-346914-vcm/img/d787ca9fb579fc45.jpg,Apple
TRAIN,gs://bdcc-project1-346914-vcm/img/9bf0e667c2fa03d8.jpg,Apple
TRAIN,gs://bdcc-project1-346914-vcm/img/bb199b34c5805576.jpg,Apple
TRAIN,gs://bdcc-project1-346914-vcm/img/2b748f85a4fe0eb3.jpg,Apple
TRAIN,gs://bdcc-project1-346914-vcm/img/ca1ebd8d0189822e.jpg,Apple
TRAIN,gs://bdcc-project1-346914-vcm/img/6210a76fd0d0965d.jpg,Apple
TRAIN,gs://bdcc-project1-346914-vcm/img/4a1d38b90f2b8c95.jpg,Apple
TRAIN,gs://bdcc-project1-346914-vcm/img/489785870d3d99fd.jpg,Apple
TRAIN,gs://bdcc-project1-346914-vcm/img/4c408d33c4d1f65e.jpg,Apple
TRAIN,gs://bdcc-project1-346914-vcm/img/8b072310e73add00.jpg,Apple
TRAIN,gs://bdcc-project1-346914-vcm/img/c77a05909b5807c5.jpg,Apple
TRAIN,gs://bdcc-project1-346914-vcm/img/ecbbbe6e58738d5e.jpg,Apple
TRAIN,gs://bdcc-project1-346914-vcm/img/ab14b3edc8b7f481.jpg,Apple
TRAIN,gs://bdcc-project1-346914-vcm/img/736ed0a3406af6c7.jpg,Apple
TRAIN,gs://bdcc-project1-346914-vcm/img/81cad76cc1e6950b.jpg,Apple
TRAIN,gs://bdcc-project1-346914-vcm/img/9737ccbf5f908064.jpg,Apple
TRAIN,gs://bdcc-project1-346914-vcm/img/57783c2ab99d0ede.jpg,Apple
TRAIN,gs://bdcc-project1-346914-vcm/img/6db9e48832dcd770.jpg,Apple
TRAIN,gs://bdcc-project1-346914-vcm/img/1843a54af7b109e3.jpg,Apple
TRAIN,gs://bdcc-project1-346914-vcm/img/2a2309bf6039917b.jpg,Apple
TRAIN,gs://bdcc-project1-346914-vcm/img/7f5a30978d018d2f.jpg,Apple
TRAIN,gs://bdcc-project1-346914-vcm/img/1f18f7093bba01cd.jpg,Apple
TRAIN,gs://bdcc-project1-346914-vcm/img/cfe6cb38a72a4397.jpg,Apple
TRAIN,gs://bdcc-project1-346914-vcm/img/7ec0563820191541.jpg,Apple
TRAIN,gs://bdcc-project1-346914-vcm/img/9ebc4544e2ef3c0c.jpg,Apple
VALIDATION,gs://bdcc-project1-346914-vcm/img/6a17e12968e4d822.jpg,Apple
VALIDATION,gs://bdcc-project1-346914-vcm/img/3ae432176001fcca.jpg,Apple
VALIDATION,gs://bdcc-project1-346914-vcm/img/335f368dee9f4943.jpg,Apple
VALIDATION,gs://bdcc-project1-346914-vcm/img/4cb6c76e449a3675.jpg,Apple
VALIDATION,gs://bdcc-project1-346914-vcm/img/a29e85514998dff0.jpg,Apple
VALIDATION,gs://bdcc-project1-346914-vcm/img/9711141e8b25c880.jpg,Apple
VALIDATION,gs://bdcc-project1-346914-vcm/img/312102edb58e3cbd.jpg,Apple
VALIDATION,gs://bdcc-project1-346914-vcm/img/9be9174b13d6d0c7.jpg,Apple
VALIDATION,gs://bdcc-project1-346914-vcm/img/c332f684568eddee.jpg,Apple
VALIDATION,gs://bdcc-project1-346914-vcm/img/dd6a32d6f8679f11.jpg,Apple
TEST,gs://bdcc-project1-346914-vcm/img/64afa7b88dc8b6ab.jpg,Apple
TEST,gs://bdcc-project1-346914-vcm/img/ddde9539f854c1d6.jpg,Apple
TEST,gs://bdcc-project1-346914-vcm/img/5bed6fc231e0168f.jpg,Apple
TEST,gs://bdcc-project1-346914-vcm/img/ee82af18e4e464e6.jpg,Apple
TEST,gs://bdcc-project1-346914-vcm/img/8d5458750088a345.jpg,Apple
TEST,gs://bdcc-project1-346914-vcm/img/ab4a45d68690aa0e.jpg,Apple
TEST,gs://bdcc-project1-346914-vcm/img/f3ccf9ab2789bd9c.jpg,Apple
TEST,gs://bdcc-project1-346914-vcm/img/f7eb33eb65f8e3c0.jpg,Apple
TEST,gs://bdcc-project1-346914-vcm/img/d063738ddb1cd0b7.jpg,Apple
TEST,gs://bdcc-project1-346914-vcm/img/40c73b1bdcf351ed.jpg,Apple
TRAIN,gs://bdcc-project1-346914-vcm/img/ee2386161812493f.jpg,Boat
TRAIN,gs://bdcc-project1-346914-vcm/img/2b740981aedeb948.jpg,Boat
TRAIN,gs://bdcc-project1-346914-vcm/img/ebaa0c92991ce1d9.jpg,Boat
TRAIN,gs://bdcc-project1-346914-vcm/img/135c2d66ca782aaf.jpg,Boat
TRAIN,gs://bdcc-project1-346914-vcm/img/a18943dc0773b186.jpg,Boat
TRAIN,gs://bdcc-project1-346914-vcm/img/53f2cb95c5152a9b.jpg,Boat
TRAIN,gs://bdcc-project1-346914-vcm/img/a7da48760e3e6647.jpg,Boat
TRAIN,gs://bdcc-project1-346914-vcm/img/9f57f1aa7e8ac223.jpg,Boat
TRAIN,gs://bdcc-project1-346914-vcm/img/afe7a7e78b09f5f6.jpg,Boat
TRAIN,gs://bdcc-project1-346914-vcm/img/ad06ebe9ac81908a.jpg,Boat
TRAIN,gs://bdcc-project1-346914-vcm/img/dccaf94ef6944d75.jpg,Boat
TRAIN,gs://bdcc-project1-346914-vcm/img/24f263c2e01787f2.jpg,Boat
TRAIN,gs://bdcc-project1-346914-vcm/img/4bc2b9261f4d17bd.jpg,Boat
TRAIN,gs://bdcc-project1-346914-vcm/img/765d804a12e909fb.jpg,Boat
TRAIN,gs://bdcc-project1-346914-vcm/img/ac1f7958a1f405f3.jpg,Boat
TRAIN,gs://bdcc-project1-346914-vcm/img/61ae17de8c16d838.jpg,Boat
TRAIN,gs://bdcc-project1-346914-vcm/img/d1d2a93bbe2441e4.jpg,Boat
TRAIN,gs://bdcc-project1-346914-vcm/img/834a8a69bd737987.jpg,Boat
TRAIN,gs://bdcc-project1-346914-vcm/img/89182006f3b59156.jpg,Boat
TRAIN,gs://bdcc-project1-346914-vcm/img/a4e94e1f640fc545.jpg,Boat
TRAIN,gs://bdcc-project1-346914-vcm/img/31c6d541e97cf703.jpg,Boat
TRAIN,gs://bdcc-project1-346914-vcm/img/2c536c2d7b3e331c.jpg,Boat
TRAIN,gs://bdcc-project1-346914-vcm/img/740592b963ed3717.jpg,Boat
TRAIN,gs://bdcc-project1-346914-vcm/img/b7f580a4623e74fa.jpg,Boat
TRAIN,gs://bdcc-project1-346914-vcm/img/0cd0c0fe1491cb2f.jpg,Boat
TRAIN,gs://bdcc-project1-346914-vcm/img/300f64f3d7896ace.jpg,Boat
TRAIN,gs://bdcc-project1-346914-vcm/img/dbe656ce40da5d11.jpg,Boat
TRAIN,gs://bdcc-project1-346914-vcm/img/ade0eec588aa7362.jpg,Boat
TRAIN,gs://bdcc-project1-346914-vcm/img/801f919125408088.jpg,Boat
TRAIN,gs://bdcc-project1-346914-vcm/img/3abc4b8a45c66784.jpg,Boat
TRAIN,gs://bdcc-project1-346914-vcm/img/b7167b9a1eb98525.jpg,Boat
TRAIN,gs://bdcc-project1-346914-vcm/img/57a68aef6ef4dff5.jpg,Boat
TRAIN,gs://bdcc-project1-346914-vcm/img/0e353d379a6de4b2.jpg,Boat
TRAIN,gs://bdcc-project1-346914-vcm/img/8b20cbf6d8808bf9.jpg,Boat
TRAIN,gs://bdcc-project1-346914-vcm/img/2348bb01eaece32a.jpg,Boat
TRAIN,gs://bdcc-project1-346914-vcm/img/1cff954d6b229af8.jpg,Boat
TRAIN,gs://bdcc-project1-346914-vcm/img/a7d8e92c01dd4b3c.jpg,Boat
TRAIN,gs://bdcc-project1-346914-vcm/img/4862c41dfa7ecf83.jpg,Boat
TRAIN,gs://bdcc-project1-346914-vcm/img/4b571758fc443b7d.jpg,Boat
TRAIN,gs://bdcc-project1-346914-vcm/img/ea2fbb494adf1a7a.jpg,Boat
TRAIN,gs://bdcc-project1-346914-vcm/img/5815bfe2271036e9.jpg,Boat
TRAIN,gs://bdcc-project1-346914-vcm/img/5ca0d863c3f21728.jpg,Boat
TRAIN,gs://bdcc-project1-346914-vcm/img/ce3825480ff02531.jpg,Boat
TRAIN,gs://bdcc-project1-346914-vcm/img/ca69bca769cf6751.jpg,Boat
TRAIN,gs://bdcc-project1-346914-vcm/img/e9e401db8a432560.jpg,Boat
TRAIN,gs://bdcc-project1-346914-vcm/img/f6beb00654b55d0c.jpg,Boat
TRAIN,gs://bdcc-project1-346914-vcm/img/c2f83717ce89047d.jpg,Boat
TRAIN,gs://bdcc-project1-346914-vcm/img/a6f2076a108797cc.jpg,Boat
TRAIN,gs://bdcc-project1-346914-vcm/img/43b8781831fb3303.jpg,Boat
TRAIN,gs://bdcc-project1-346914-vcm/img/4d7ca9ce4672e1f8.jpg,Boat
TRAIN,gs://bdcc-project1-346914-vcm/img/f02115477db7569f.jpg,Boat
TRAIN,gs://bdcc-project1-346914-vcm/img/b6439a65b7802976.jpg,Boat
TRAIN,gs://bdcc-project1-346914-vcm/img/6dec2005cf18dbfe.jpg,Boat
TRAIN,gs://bdcc-project1-346914-vcm/img/ac9c8ea282a61463.jpg,Boat
TRAIN,gs://bdcc-project1-346914-vcm/img/1235a08a7259008c.jpg,Boat
TRAIN,gs://bdcc-project1-346914-vcm/img/6d1403feb60a7aba.jpg,Boat
TRAIN,gs://bdcc-project1-346914-vcm/img/7a800dd12fc9897c.jpg,Boat
TRAIN,gs://bdcc-project1-346914-vcm/img/6d326bae1ea99ba7.jpg,Boat
TRAIN,gs://bdcc-project1-346914-vcm/img/92bafe6e64a5a228.jpg,Boat
TRAIN,gs://bdcc-project1-346914-vcm/img/465d6c89beee17b5.jpg,Boat
TRAIN,gs://bdcc-project1-346914-vcm/img/78cbb688cdd387f0.jpg,Boat
TRAIN,gs://bdcc-project1-346914-vcm/img/158c71d2a1a9a10a.jpg,Boat
TRAIN,gs://bdcc-project1-346914-vcm/img/9584d8e582ff3a90.jpg,Boat
TRAIN,gs://bdcc-project1-346914-vcm/img/db0aad3a95460ba2.jpg,Boat
TRAIN,gs://bdcc-project1-346914-vcm/img/dca375f2e39a5be2.jpg,Boat
TRAIN,gs://bdcc-project1-346914-vcm/img/80c16f17047948b0.jpg,Boat
TRAIN,gs://bdcc-project1-346914-vcm/img/312ef60aaa31d713.jpg,Boat
TRAIN,gs://bdcc-project1-346914-vcm/img/9b0188bdae0f5b07.jpg,Boat
TRAIN,gs://bdcc-project1-346914-vcm/img/2573d379e262efd2.jpg,Boat
TRAIN,gs://bdcc-project1-346914-vcm/img/aff82f2b91e2bd2c.jpg,Boat
TRAIN,gs://bdcc-project1-346914-vcm/img/e26dd89b9b1a26ac.jpg,Boat
TRAIN,gs://bdcc-project1-346914-vcm/img/bab530a113210f1f.jpg,Boat
TRAIN,gs://bdcc-project1-346914-vcm/img/41496d025a4b0944.jpg,Boat
TRAIN,gs://bdcc-project1-346914-vcm/img/2b2e698ab79a03ee.jpg,Boat
TRAIN,gs://bdcc-project1-346914-vcm/img/ba7282e13fbd3587.jpg,Boat
TRAIN,gs://bdcc-project1-346914-vcm/img/9da8d2a8ec4b07e2.jpg,Boat
TRAIN,gs://bdcc-project1-346914-vcm/img/8f26954ca0b568d7.jpg,Boat
TRAIN,gs://bdcc-project1-346914-vcm/img/33b34e00006422c8.jpg,Boat
TRAIN,gs://bdcc-project1-346914-vcm/img/112f56bfff7c599f.jpg,Boat
TRAIN,gs://bdcc-project1-346914-vcm/img/f51ffe9f7adfa268.jpg,Boat
VALIDATION,gs://bdcc-project1-346914-vcm/img/cfe9e28f356f2ee0.jpg,Boat
VALIDATION,gs://bdcc-project1-346914-vcm/img/5c559102a207cb5e.jpg,Boat
VALIDATION,gs://bdcc-project1-346914-vcm/img/3667a2395a23ae4b.jpg,Boat
VALIDATION,gs://bdcc-project1-346914-vcm/img/232eddedee9aa588.jpg,Boat
VALIDATION,gs://bdcc-project1-346914-vcm/img/4e77d13fe04a0fb4.jpg,Boat
VALIDATION,gs://bdcc-project1-346914-vcm/img/d29139a884c79afa.jpg,Boat
VALIDATION,gs://bdcc-project1-346914-vcm/img/230bb6e506d609bd.jpg,Boat
VALIDATION,gs://bdcc-project1-346914-vcm/img/41b63277831da765.jpg,Boat
VALIDATION,gs://bdcc-project1-346914-vcm/img/7e077bf178d4141a.jpg,Boat
VALIDATION,gs://bdcc-project1-346914-vcm/img/c6b01dd7ad4f22b2.jpg,Boat
TEST,gs://bdcc-project1-346914-vcm/img/f188e53555b2bb64.jpg,Boat
TEST,gs://bdcc-project1-346914-vcm/img/cdde88dc34e9db73.jpg,Boat
TEST,gs://bdcc-project1-346914-vcm/img/f638b58a71fdf202.jpg,Boat
TEST,gs://bdcc-project1-346914-vcm/img/f1ee0d6e3475e54c.jpg,Boat
TEST,gs://bdcc-project1-346914-vcm/img/c8f2b9a6760cc255.jpg,Boat
TEST,gs://bdcc-project1-346914-vcm/img/839f4b5f2ca94bbc.jpg,Boat
TEST,gs://bdcc-project1-346914-vcm/img/4ed5262bf691bba2.jpg,Boat
TEST,gs://bdcc-project1-346914-vcm/img/743be0b407e20d14.jpg,Boat
TEST,gs://bdcc-project1-346914-vcm/img/c8b9bd3fa5785297.jpg,Boat
TEST,gs://bdcc-project1-346914-vcm/img/0f35be6267df295a.jpg,Boat
TRAIN,gs://bdcc-project1-346914-vcm/img/5769824cc8518560.jpg,Bicycle
TRAIN,gs://bdcc-project1-346914-vcm/img/ae932314124b3884.jpg,Bicycle
TRAIN,gs://bdcc-project1-346914-vcm/img/97e9c1c08182c991.jpg,Bicycle
TRAIN,gs://bdcc-project1-346914-vcm/img/8fa3e7a609c23c11.jpg,Bicycle
TRAIN,gs://bdcc-project1-346914-vcm/img/ca9fcef7d17ea7b9.jpg,Bicycle
TRAIN,gs://bdcc-project1-346914-vcm/img/ee678bae1bd01400.jpg,Bicycle
TRAIN,gs://bdcc-project1-346914-vcm/img/70cd12ed4f4b1cab.jpg,Bicycle
TRAIN,gs://bdcc-project1-346914-vcm/img/6ac3142b2b29ab6b.jpg,Bicycle
TRAIN,gs://bdcc-project1-346914-vcm/img/97948408f6a3a476.jpg,Bicycle
TRAIN,gs://bdcc-project1-346914-vcm/img/68c688f4a1f3f22c.jpg,Bicycle
TRAIN,gs://bdcc-project1-346914-vcm/img/ee177627402762f1.jpg,Bicycle
TRAIN,gs://bdcc-project1-346914-vcm/img/29fc3b8c50ff018d.jpg,Bicycle
TRAIN,gs://bdcc-project1-346914-vcm/img/6c5b28a7cef58733.jpg,Bicycle
TRAIN,gs://bdcc-project1-346914-vcm/img/d58129901564b644.jpg,Bicycle
TRAIN,gs://bdcc-project1-346914-vcm/img/9c988bdd8c8ced20.jpg,Bicycle
TRAIN,gs://bdcc-project1-346914-vcm/img/7a70cee165246048.jpg,Bicycle
TRAIN,gs://bdcc-project1-346914-vcm/img/ddefc04ab6ca98f8.jpg,Bicycle
TRAIN,gs://bdcc-project1-346914-vcm/img/1ba01a316a9d1480.jpg,Bicycle
TRAIN,gs://bdcc-project1-346914-vcm/img/bea62efc595c0b04.jpg,Bicycle
TRAIN,gs://bdcc-project1-346914-vcm/img/a33070e7c5a3d444.jpg,Bicycle
TRAIN,gs://bdcc-project1-346914-vcm/img/17f6e8ddc732f015.jpg,Bicycle
TRAIN,gs://bdcc-project1-346914-vcm/img/ef39f7d9385e9734.jpg,Bicycle
TRAIN,gs://bdcc-project1-346914-vcm/img/9a284f20e81f56a0.jpg,Bicycle
TRAIN,gs://bdcc-project1-346914-vcm/img/893c449444eb7d9d.jpg,Bicycle
TRAIN,gs://bdcc-project1-346914-vcm/img/55f266c5add3b57e.jpg,Bicycle
TRAIN,gs://bdcc-project1-346914-vcm/img/376bf47809f2fab2.jpg,Bicycle
TRAIN,gs://bdcc-project1-346914-vcm/img/e9e375870b2d0cbe.jpg,Bicycle
TRAIN,gs://bdcc-project1-346914-vcm/img/716a1e2a7bad2e48.jpg,Bicycle
TRAIN,gs://bdcc-project1-346914-vcm/img/b1d541365ed78ce5.jpg,Bicycle
TRAIN,gs://bdcc-project1-346914-vcm/img/0e51fef7465e75ab.jpg,Bicycle
TRAIN,gs://bdcc-project1-346914-vcm/img/70fb877899efc400.jpg,Bicycle
TRAIN,gs://bdcc-project1-346914-vcm/img/5f9eec8ea0109185.jpg,Bicycle
TRAIN,gs://bdcc-project1-346914-vcm/img/e1bf08a97b7399ae.jpg,Bicycle
TRAIN,gs://bdcc-project1-346914-vcm/img/4cbbd515f1b49295.jpg,Bicycle
TRAIN,gs://bdcc-project1-346914-vcm/img/f32426ed0989d208.jpg,Bicycle
TRAIN,gs://bdcc-project1-346914-vcm/img/e6d835c20faca80b.jpg,Bicycle
TRAIN,gs://bdcc-project1-346914-vcm/img/c669621d409077d7.jpg,Bicycle
TRAIN,gs://bdcc-project1-346914-vcm/img/c8b7467d2729f7b1.jpg,Bicycle
TRAIN,gs://bdcc-project1-346914-vcm/img/66ed63f503ee6f72.jpg,Bicycle
TRAIN,gs://bdcc-project1-346914-vcm/img/b107960cd6207685.jpg,Bicycle
TRAIN,gs://bdcc-project1-346914-vcm/img/c98e63308bb1faa0.jpg,Bicycle
TRAIN,gs://bdcc-project1-346914-vcm/img/d62b42c4e5e7ee36.jpg,Bicycle
TRAIN,gs://bdcc-project1-346914-vcm/img/894db63cb434326d.jpg,Bicycle
TRAIN,gs://bdcc-project1-346914-vcm/img/37944f3b18008ad6.jpg,Bicycle
TRAIN,gs://bdcc-project1-346914-vcm/img/4b6ad7ec94989767.jpg,Bicycle
TRAIN,gs://bdcc-project1-346914-vcm/img/711012ff91bddbe5.jpg,Bicycle
TRAIN,gs://bdcc-project1-346914-vcm/img/9f44f81eec690467.jpg,Bicycle
TRAIN,gs://bdcc-project1-346914-vcm/img/387ffec9fe1c63f2.jpg,Bicycle
TRAIN,gs://bdcc-project1-346914-vcm/img/c970409b314c0829.jpg,Bicycle
TRAIN,gs://bdcc-project1-346914-vcm/img/9e1e59fabd0bd88f.jpg,Bicycle
TRAIN,gs://bdcc-project1-346914-vcm/img/325aca6a6e4772fe.jpg,Bicycle
TRAIN,gs://bdcc-project1-346914-vcm/img/0da92f48a10f95c0.jpg,Bicycle
TRAIN,gs://bdcc-project1-346914-vcm/img/621a16c80539e019.jpg,Bicycle
TRAIN,gs://bdcc-project1-346914-vcm/img/806c7b43b701d4ef.jpg,Bicycle
TRAIN,gs://bdcc-project1-346914-vcm/img/d8543e9044f8917a.jpg,Bicycle
TRAIN,gs://bdcc-project1-346914-vcm/img/faea355a3d40059e.jpg,Bicycle
TRAIN,gs://bdcc-project1-346914-vcm/img/690fd08f9b5af89c.jpg,Bicycle
TRAIN,gs://bdcc-project1-346914-vcm/img/3eb949ebde03b856.jpg,Bicycle
TRAIN,gs://bdcc-project1-346914-vcm/img/97bd4d44d3eba27d.jpg,Bicycle
TRAIN,gs://bdcc-project1-346914-vcm/img/ffacf8502615260e.jpg,Bicycle
TRAIN,gs://bdcc-project1-346914-vcm/img/fe3a2bbfc6d0ef85.jpg,Bicycle
TRAIN,gs://bdcc-project1-346914-vcm/img/fe68a31f38a780b1.jpg,Bicycle
TRAIN,gs://bdcc-project1-346914-vcm/img/28735e68348358c3.jpg,Bicycle
TRAIN,gs://bdcc-project1-346914-vcm/img/a6cff7d33b841d2f.jpg,Bicycle
TRAIN,gs://bdcc-project1-346914-vcm/img/1c75e5e7104da318.jpg,Bicycle
TRAIN,gs://bdcc-project1-346914-vcm/img/c6ec75ae1f23af9d.jpg,Bicycle
TRAIN,gs://bdcc-project1-346914-vcm/img/89d7a65a19cb9cff.jpg,Bicycle
TRAIN,gs://bdcc-project1-346914-vcm/img/682b8f5190e40751.jpg,Bicycle
TRAIN,gs://bdcc-project1-346914-vcm/img/b501f5cfc7215e47.jpg,Bicycle
TRAIN,gs://bdcc-project1-346914-vcm/img/dec4a0ed3968be29.jpg,Bicycle
TRAIN,gs://bdcc-project1-346914-vcm/img/9104bcc6457fe170.jpg,Bicycle
TRAIN,gs://bdcc-project1-346914-vcm/img/f9fa4a7c9f5c7b9e.jpg,Bicycle
TRAIN,gs://bdcc-project1-346914-vcm/img/1d3f8a7b5c94e736.jpg,Bicycle
TRAIN,gs://bdcc-project1-346914-vcm/img/1b4217c6dc0e96b0.jpg,Bicycle
TRAIN,gs://bdcc-project1-346914-vcm/img/65d9bb351d361a84.jpg,Bicycle
TRAIN,gs://bdcc-project1-346914-vcm/img/c2e909b790522675.jpg,Bicycle
TRAIN,gs://bdcc-project1-346914-vcm/img/209792909aa42e32.jpg,Bicycle
TRAIN,gs://bdcc-project1-346914-vcm/img/6b6005acf27046d4.jpg,Bicycle
TRAIN,gs://bdcc-project1-346914-vcm/img/861bf98f625154e2.jpg,Bicycle
TRAIN,gs://bdcc-project1-346914-vcm/img/5851cd2229b1c070.jpg,Bicycle
VALIDATION,gs://bdcc-project1-346914-vcm/img/3f022da24d538782.jpg,Bicycle
VALIDATION,gs://bdcc-project1-346914-vcm/img/ab0cb49d328f4c62.jpg,Bicycle
VALIDATION,gs://bdcc-project1-346914-vcm/img/85fb897c76d0e26f.jpg,Bicycle
VALIDATION,gs://bdcc-project1-346914-vcm/img/bed06cb6b48579e5.jpg,Bicycle
VALIDATION,gs://bdcc-project1-346914-vcm/img/087b1062dc719626.jpg,Bicycle
VALIDATION,gs://bdcc-project1-346914-vcm/img/0d491b770c084be9.jpg,Bicycle
VALIDATION,gs://bdcc-project1-346914-vcm/img/798a26294567016e.jpg,Bicycle
VALIDATION,gs://bdcc-project1-346914-vcm/img/154067c4f163369d.jpg,Bicycle
VALIDATION,gs://bdcc-project1-346914-vcm/img/12d8c0e031b0a447.jpg,Bicycle
VALIDATION,gs://bdcc-project1-346914-vcm/img/f745985c27418328.jpg,Bicycle
TEST,gs://bdcc-project1-346914-vcm/img/eff52c66c8242eb0.jpg,Bicycle
TEST,gs://bdcc-project1-346914-vcm/img/d6b9081ec38d3983.jpg,Bicycle
TEST,gs://bdcc-project1-346914-vcm/img/1af1ef59d2891ae6.jpg,Bicycle
TEST,gs://bdcc-project1-346914-vcm/img/98e8baa4d1188219.jpg,Bicycle
TEST,gs://bdcc-project1-346914-vcm/img/dedc2e505cebc86b.jpg,Bicycle
TEST,gs://bdcc-project1-346914-vcm/img/f0b4d946436f6560.jpg,Bicycle
TEST,gs://bdcc-project1-346914-vcm/img/267eac09ed941465.jpg,Bicycle
TEST,gs://bdcc-project1-346914-vcm/img/28489e6014885554.jpg,Bicycle
TEST,gs://bdcc-project1-346914-vcm/img/99a0c49a6c22df59.jpg,Bicycle
TEST,gs://bdcc-project1-346914-vcm/img/96c14e4955debceb.jpg,Bicycle
TRAIN,gs://bdcc-project1-346914-vcm/img/e208350929367ca8.jpg,Bird
TRAIN,gs://bdcc-project1-346914-vcm/img/ff5f773e0b68038f.jpg,Bird
TRAIN,gs://bdcc-project1-346914-vcm/img/114fa4a173636813.jpg,Bird
TRAIN,gs://bdcc-project1-346914-vcm/img/176e653323abc7c5.jpg,Bird
TRAIN,gs://bdcc-project1-346914-vcm/img/dbe6eeda81ef04ee.jpg,Bird
TRAIN,gs://bdcc-project1-346914-vcm/img/131358d138ec97ef.jpg,Bird
TRAIN,gs://bdcc-project1-346914-vcm/img/5fffc5009d3915e6.jpg,Bird
TRAIN,gs://bdcc-project1-346914-vcm/img/7704b866f061e8da.jpg,Bird
TRAIN,gs://bdcc-project1-346914-vcm/img/e115f61fa96c07ce.jpg,Bird
TRAIN,gs://bdcc-project1-346914-vcm/img/ef7be3b2b611a5c9.jpg,Bird
TRAIN,gs://bdcc-project1-346914-vcm/img/23bd6c66cd8c19ea.jpg,Bird
TRAIN,gs://bdcc-project1-346914-vcm/img/460014764aa3f3a3.jpg,Bird
TRAIN,gs://bdcc-project1-346914-vcm/img/e939b97962c64d59.jpg,Bird
TRAIN,gs://bdcc-project1-346914-vcm/img/5eab05ed204bbd1b.jpg,Bird
TRAIN,gs://bdcc-project1-346914-vcm/img/5341064c6d7b89c4.jpg,Bird
TRAIN,gs://bdcc-project1-346914-vcm/img/f9797ef01a3e2df8.jpg,Bird
TRAIN,gs://bdcc-project1-346914-vcm/img/0761f90548075d9a.jpg,Bird
TRAIN,gs://bdcc-project1-346914-vcm/img/7f8412f3c08c6882.jpg,Bird
TRAIN,gs://bdcc-project1-346914-vcm/img/dfd8463b10ad2275.jpg,Bird
TRAIN,gs://bdcc-project1-346914-vcm/img/3211e39e656e32b7.jpg,Bird
TRAIN,gs://bdcc-project1-346914-vcm/img/fd3a65fc0a038505.jpg,Bird
TRAIN,gs://bdcc-project1-346914-vcm/img/ea354901d70389d1.jpg,Bird
TRAIN,gs://bdcc-project1-346914-vcm/img/3d97fb0c3e6f2476.jpg,Bird
TRAIN,gs://bdcc-project1-346914-vcm/img/f76a42d0373ddbaa.jpg,Bird
TRAIN,gs://bdcc-project1-346914-vcm/img/b72e45172321b51a.jpg,Bird
TRAIN,gs://bdcc-project1-346914-vcm/img/4dfc4dd7f5692b46.jpg,Bird
TRAIN,gs://bdcc-project1-346914-vcm/img/b6697943c2d584a0.jpg,Bird
TRAIN,gs://bdcc-project1-346914-vcm/img/e53bd71ebe15f200.jpg,Bird
TRAIN,gs://bdcc-project1-346914-vcm/img/14d5af00bf54d26b.jpg,Bird
TRAIN,gs://bdcc-project1-346914-vcm/img/2ab6fb5edafae434.jpg,Bird
TRAIN,gs://bdcc-project1-346914-vcm/img/4ed9088fa5b4dda7.jpg,Bird
TRAIN,gs://bdcc-project1-346914-vcm/img/d4b9843af856197e.jpg,Bird
TRAIN,gs://bdcc-project1-346914-vcm/img/cc43d9c53b28c2aa.jpg,Bird
TRAIN,gs://bdcc-project1-346914-vcm/img/4c4820d3cfd1c30b.jpg,Bird
TRAIN,gs://bdcc-project1-346914-vcm/img/762974cc688f0d75.jpg,Bird
TRAIN,gs://bdcc-project1-346914-vcm/img/73c7163405057519.jpg,Bird
TRAIN,gs://bdcc-project1-346914-vcm/img/af43f994290acdb9.jpg,Bird
TRAIN,gs://bdcc-project1-346914-vcm/img/b996c2e6da27e654.jpg,Bird
TRAIN,gs://bdcc-project1-346914-vcm/img/eec004c5f97c99c7.jpg,Bird
TRAIN,gs://bdcc-project1-346914-vcm/img/c04ca3460a0e7079.jpg,Bird
TRAIN,gs://bdcc-project1-346914-vcm/img/36b1367a917c2e55.jpg,Bird
TRAIN,gs://bdcc-project1-346914-vcm/img/d543acb176a6a4db.jpg,Bird
TRAIN,gs://bdcc-project1-346914-vcm/img/bc1d08232c455d2a.jpg,Bird
TRAIN,gs://bdcc-project1-346914-vcm/img/dd5656833f1d656f.jpg,Bird
TRAIN,gs://bdcc-project1-346914-vcm/img/dd09e34452ed82f8.jpg,Bird
TRAIN,gs://bdcc-project1-346914-vcm/img/18c87dc29bf6439b.jpg,Bird
TRAIN,gs://bdcc-project1-346914-vcm/img/1256dd42855867d3.jpg,Bird
TRAIN,gs://bdcc-project1-346914-vcm/img/0c5e27b81c8feb32.jpg,Bird
TRAIN,gs://bdcc-project1-346914-vcm/img/c6b4df6ac5057057.jpg,Bird
TRAIN,gs://bdcc-project1-346914-vcm/img/66394e8bfd8a46b3.jpg,Bird
TRAIN,gs://bdcc-project1-346914-vcm/img/64740ed112f54404.jpg,Bird
TRAIN,gs://bdcc-project1-346914-vcm/img/ef46da757b7973e4.jpg,Bird
TRAIN,gs://bdcc-project1-346914-vcm/img/2703ed87e76821e1.jpg,Bird
TRAIN,gs://bdcc-project1-346914-vcm/img/98a6b614c708ff98.jpg,Bird
TRAIN,gs://bdcc-project1-346914-vcm/img/0fbf349ae0c986c1.jpg,Bird
TRAIN,gs://bdcc-project1-346914-vcm/img/a949f84933eb9596.jpg,Bird
TRAIN,gs://bdcc-project1-346914-vcm/img/2cd583e66fc150ea.jpg,Bird
TRAIN,gs://bdcc-project1-346914-vcm/img/30ec60a46e9e5819.jpg,Bird
TRAIN,gs://bdcc-project1-346914-vcm/img/b107361283cd4255.jpg,Bird
TRAIN,gs://bdcc-project1-346914-vcm/img/2947f0ba0babf16b.jpg,Bird
TRAIN,gs://bdcc-project1-346914-vcm/img/a244325df4580843.jpg,Bird
TRAIN,gs://bdcc-project1-346914-vcm/img/931eec4a7c5ab61e.jpg,Bird
TRAIN,gs://bdcc-project1-346914-vcm/img/b37094b7d3eb2c92.jpg,Bird
TRAIN,gs://bdcc-project1-346914-vcm/img/1ac9f65cb0a2f36a.jpg,Bird
TRAIN,gs://bdcc-project1-346914-vcm/img/c912bc585531672f.jpg,Bird
TRAIN,gs://bdcc-project1-346914-vcm/img/63db611fba8a7c17.jpg,Bird
TRAIN,gs://bdcc-project1-346914-vcm/img/4580e79ab7a91bd8.jpg,Bird
TRAIN,gs://bdcc-project1-346914-vcm/img/6870ebe0bed5b701.jpg,Bird
TRAIN,gs://bdcc-project1-346914-vcm/img/47eea1cf189bc961.jpg,Bird
TRAIN,gs://bdcc-project1-346914-vcm/img/7d6ce0422bf68e23.jpg,Bird
TRAIN,gs://bdcc-project1-346914-vcm/img/ca8dc5df1746aade.jpg,Bird
TRAIN,gs://bdcc-project1-346914-vcm/img/46a739a7d6d7c7e1.jpg,Bird
TRAIN,gs://bdcc-project1-346914-vcm/img/a87b74c94b24fd79.jpg,Bird
TRAIN,gs://bdcc-project1-346914-vcm/img/9e80a3c5af593ea2.jpg,Bird
TRAIN,gs://bdcc-project1-346914-vcm/img/7358a6f203748efb.jpg,Bird
TRAIN,gs://bdcc-project1-346914-vcm/img/9272b391069ce11a.jpg,Bird
TRAIN,gs://bdcc-project1-346914-vcm/img/7ce6c85b9a05c1a0.jpg,Bird
TRAIN,gs://bdcc-project1-346914-vcm/img/1876922e912061d4.jpg,Bird
TRAIN,gs://bdcc-project1-346914-vcm/img/263738524a669d04.jpg,Bird
TRAIN,gs://bdcc-project1-346914-vcm/img/b13a00a87da19d62.jpg,Bird
VALIDATION,gs://bdcc-project1-346914-vcm/img/05c3a552f76056b0.jpg,Bird
VALIDATION,gs://bdcc-project1-346914-vcm/img/2ebaa7d05db3dc3d.jpg,Bird
VALIDATION,gs://bdcc-project1-346914-vcm/img/c199529c6a982dec.jpg,Bird
VALIDATION,gs://bdcc-project1-346914-vcm/img/c5859180966cc7a3.jpg,Bird
VALIDATION,gs://bdcc-project1-346914-vcm/img/145a1f2673a7a76f.jpg,Bird
VALIDATION,gs://bdcc-project1-346914-vcm/img/0a16016b833fc07f.jpg,Bird
VALIDATION,gs://bdcc-project1-346914-vcm/img/61960d61464db34e.jpg,Bird
VALIDATION,gs://bdcc-project1-346914-vcm/img/dba82070d6ebb49d.jpg,Bird
VALIDATION,gs://bdcc-project1-346914-vcm/img/e3ddbed0c9e444de.jpg,Bird
VALIDATION,gs://bdcc-project1-346914-vcm/img/c926bf609ab65733.jpg,Bird
TEST,gs://bdcc-project1-346914-vcm/img/e48a8a9e9891a997.jpg,Bird
TEST,gs://bdcc-project1-346914-vcm/img/5dce5a8171214e82.jpg,Bird
TEST,gs://bdcc-project1-346914-vcm/img/e59f37b04ad056a8.jpg,Bird
TEST,gs://bdcc-project1-346914-vcm/img/0d29d4e611acacfe.jpg,Bird
TEST,gs://bdcc-project1-346914-vcm/img/75ca6c10778da599.jpg,Bird
TEST,gs://bdcc-project1-346914-vcm/img/fbd706c4e8d22336.jpg,Bird
TEST,gs://bdcc-project1-346914-vcm/img/a22885f10da22b44.jpg,Bird
TEST,gs://bdcc-project1-346914-vcm/img/69cfab94ec4a9923.jpg,Bird
TEST,gs://bdcc-project1-346914-vcm/img/aed99ca899c640f5.jpg,Bird
TEST,gs://bdcc-project1-346914-vcm/img/953e05a2bb9e4a2f.jpg,Bird
TRAIN,gs://bdcc-project1-346914-vcm/img/8f6daf5ec51f676b.jpg,Ball
TRAIN,gs://bdcc-project1-346914-vcm/img/37575826630ae5e2.jpg,Ball
TRAIN,gs://bdcc-project1-346914-vcm/img/16c5dc6b366afc64.jpg,Ball
TRAIN,gs://bdcc-project1-346914-vcm/img/ab0739cbcb82f143.jpg,Ball
TRAIN,gs://bdcc-project1-346914-vcm/img/43e27227e00ba268.jpg,Ball
TRAIN,gs://bdcc-project1-346914-vcm/img/f2567faf794b33c6.jpg,Ball
TRAIN,gs://bdcc-project1-346914-vcm/img/d8ed94768a0027fe.jpg,Ball
TRAIN,gs://bdcc-project1-346914-vcm/img/7b287180c95953f1.jpg,Ball
TRAIN,gs://bdcc-project1-346914-vcm/img/c8e1cbfa81c66052.jpg,Ball
TRAIN,gs://bdcc-project1-346914-vcm/img/bead3d6272ac5a0d.jpg,Ball
TRAIN,gs://bdcc-project1-346914-vcm/img/9eef056818ae46e6.jpg,Ball
TRAIN,gs://bdcc-project1-346914-vcm/img/6655d4e82b785755.jpg,Ball
TRAIN,gs://bdcc-project1-346914-vcm/img/cc25f545f0b2afff.jpg,Ball
TRAIN,gs://bdcc-project1-346914-vcm/img/ec6204dd25e4a71a.jpg,Ball
TRAIN,gs://bdcc-project1-346914-vcm/img/f96b7fa0d4941316.jpg,Ball
TRAIN,gs://bdcc-project1-346914-vcm/img/d09f991af0e937c4.jpg,Ball
TRAIN,gs://bdcc-project1-346914-vcm/img/9afcfb7cc07f7ffc.jpg,Ball
TRAIN,gs://bdcc-project1-346914-vcm/img/a9f6d68fdf37ea9d.jpg,Ball
TRAIN,gs://bdcc-project1-346914-vcm/img/83b5fb611cb97c3e.jpg,Ball
TRAIN,gs://bdcc-project1-346914-vcm/img/39d47f47e9eb177b.jpg,Ball
TRAIN,gs://bdcc-project1-346914-vcm/img/bf0db2ddbde2cdbe.jpg,Ball
TRAIN,gs://bdcc-project1-346914-vcm/img/fa5ee716af230966.jpg,Ball
TRAIN,gs://bdcc-project1-346914-vcm/img/61784cca122bfc8f.jpg,Ball
TRAIN,gs://bdcc-project1-346914-vcm/img/af966abfdd62fe6f.jpg,Ball
TRAIN,gs://bdcc-project1-346914-vcm/img/1331698a76678d04.jpg,Ball
TRAIN,gs://bdcc-project1-346914-vcm/img/d3d18b02a2beb565.jpg,Ball
TRAIN,gs://bdcc-project1-346914-vcm/img/a47b4f455f9ecfbf.jpg,Ball
TRAIN,gs://bdcc-project1-346914-vcm/img/7d5e8e5493a67a88.jpg,Ball
TRAIN,gs://bdcc-project1-346914-vcm/img/dd1eb12d3f424a25.jpg,Ball
TRAIN,gs://bdcc-project1-346914-vcm/img/cfaddd500b003ed4.jpg,Ball
TRAIN,gs://bdcc-project1-346914-vcm/img/8ba99e89ac316e63.jpg,Ball
TRAIN,gs://bdcc-project1-346914-vcm/img/7368e1bd16d0a012.jpg,Ball
TRAIN,gs://bdcc-project1-346914-vcm/img/b26d528d65abdb19.jpg,Ball
TRAIN,gs://bdcc-project1-346914-vcm/img/a104c5af1260fbd3.jpg,Ball
TRAIN,gs://bdcc-project1-346914-vcm/img/47f45a391af7ae7f.jpg,Ball
TRAIN,gs://bdcc-project1-346914-vcm/img/0a9cae46a2fe661b.jpg,Ball
TRAIN,gs://bdcc-project1-346914-vcm/img/ba0498ce53cb483f.jpg,Ball
TRAIN,gs://bdcc-project1-346914-vcm/img/e14574fd0cdc46ea.jpg,Ball
TRAIN,gs://bdcc-project1-346914-vcm/img/7e8536334520888a.jpg,Ball
TRAIN,gs://bdcc-project1-346914-vcm/img/62fe065e2a716c62.jpg,Ball
TRAIN,gs://bdcc-project1-346914-vcm/img/6372cd350be85d6c.jpg,Ball
TRAIN,gs://bdcc-project1-346914-vcm/img/9c8866ecde69981d.jpg,Ball
TRAIN,gs://bdcc-project1-346914-vcm/img/5749bc49945b5580.jpg,Ball
TRAIN,gs://bdcc-project1-346914-vcm/img/9cc5988498c192d5.jpg,Ball
TRAIN,gs://bdcc-project1-346914-vcm/img/3bdd736fb8c76eaa.jpg,Ball
TRAIN,gs://bdcc-project1-346914-vcm/img/28c1742dab03a143.jpg,Ball
TRAIN,gs://bdcc-project1-346914-vcm/img/da6f2488fe2b7430.jpg,Ball
TRAIN,gs://bdcc-project1-346914-vcm/img/9fbedb343a5d02bf.jpg,Ball
TRAIN,gs://bdcc-project1-346914-vcm/img/c85aabe8b23efe05.jpg,Ball
TRAIN,gs://bdcc-project1-346914-vcm/img/144726e8b7c7d383.jpg,Ball
TRAIN,gs://bdcc-project1-346914-vcm/img/1557a9c31e4832ac.jpg,Ball
TRAIN,gs://bdcc-project1-346914-vcm/img/495bce11d526882b.jpg,Ball
TRAIN,gs://bdcc-project1-346914-vcm/img/1cc53c8e090ba2f1.jpg,Ball
TRAIN,gs://bdcc-project1-346914-vcm/img/aff90d2673ab5082.jpg,Ball
TRAIN,gs://bdcc-project1-346914-vcm/img/f8492db99dd48f1d.jpg,Ball
TRAIN,gs://bdcc-project1-346914-vcm/img/24a5873645121f0d.jpg,Ball
TRAIN,gs://bdcc-project1-346914-vcm/img/a72fd6303be85713.jpg,Ball
TRAIN,gs://bdcc-project1-346914-vcm/img/ea72e6e5b36cc75d.jpg,Ball
TRAIN,gs://bdcc-project1-346914-vcm/img/af0095ec87634bc0.jpg,Ball
TRAIN,gs://bdcc-project1-346914-vcm/img/93103d7c252aeb97.jpg,Ball
TRAIN,gs://bdcc-project1-346914-vcm/img/1816d7e341813729.jpg,Ball
TRAIN,gs://bdcc-project1-346914-vcm/img/b9b8519ad5735ee4.jpg,Ball
TRAIN,gs://bdcc-project1-346914-vcm/img/05da9a3a550ceeed.jpg,Ball
TRAIN,gs://bdcc-project1-346914-vcm/img/94a31ee11cd9ff43.jpg,Ball
TRAIN,gs://bdcc-project1-346914-vcm/img/276ad7ae6c0462fb.jpg,Ball
TRAIN,gs://bdcc-project1-346914-vcm/img/8033714176cfff11.jpg,Ball
TRAIN,gs://bdcc-project1-346914-vcm/img/bc1a7d9acae04928.jpg,Ball
TRAIN,gs://bdcc-project1-346914-vcm/img/c13543fc98ef9fe7.jpg,Ball
TRAIN,gs://bdcc-project1-346914-vcm/img/b7a4677527f03f85.jpg,Ball
TRAIN,gs://bdcc-project1-346914-vcm/img/dffa1e52304d8fcf.jpg,Ball
TRAIN,gs://bdcc-project1-346914-vcm/img/0e140bb8322582cc.jpg,Ball
TRAIN,gs://bdcc-project1-346914-vcm/img/44a5f3a2b936ab9b.jpg,Ball
TRAIN,gs://bdcc-project1-346914-vcm/img/6de31d6e662f05c6.jpg,Ball
TRAIN,gs://bdcc-project1-346914-vcm/img/7944e7278799ac2c.jpg,Ball
TRAIN,gs://bdcc-project1-346914-vcm/img/0beb12cbe3054883.jpg,Ball
TRAIN,gs://bdcc-project1-346914-vcm/img/51eb6ee1ea543ccd.jpg,Ball
TRAIN,gs://bdcc-project1-346914-vcm/img/7e9320f10a4f1d60.jpg,Ball
TRAIN,gs://bdcc-project1-346914-vcm/img/97093c5cae5f0053.jpg,Ball
TRAIN,gs://bdcc-project1-346914-vcm/img/2d08fd379017b6ca.jpg,Ball
TRAIN,gs://bdcc-project1-346914-vcm/img/55b6aa65a52e7e3c.jpg,Ball
VALIDATION,gs://bdcc-project1-346914-vcm/img/6c79e6e04a7c9d74.jpg,Ball
VALIDATION,gs://bdcc-project1-346914-vcm/img/fa6c50a7b42d7125.jpg,Ball
VALIDATION,gs://bdcc-project1-346914-vcm/img/97afbd9267ddb9d9.jpg,Ball
VALIDATION,gs://bdcc-project1-346914-vcm/img/e03621a07ff6a5f5.jpg,Ball
VALIDATION,gs://bdcc-project1-346914-vcm/img/e6f6f66b680eebc3.jpg,Ball
VALIDATION,gs://bdcc-project1-346914-vcm/img/bc232eff7da74e11.jpg,Ball
VALIDATION,gs://bdcc-project1-346914-vcm/img/751ad7417acc7152.jpg,Ball
VALIDATION,gs://bdcc-project1-346914-vcm/img/2f4497d3051b6e49.jpg,Ball
VALIDATION,gs://bdcc-project1-346914-vcm/img/29de3d4c2d434b73.jpg,Ball
VALIDATION,gs://bdcc-project1-346914-vcm/img/fdf05a9fcdcf842f.jpg,Ball
TEST,gs://bdcc-project1-346914-vcm/img/9ef3963feb932d09.jpg,Ball
TEST,gs://bdcc-project1-346914-vcm/img/a66baff86b56c011.jpg,Ball
TEST,gs://bdcc-project1-346914-vcm/img/2451c0d78d9b4712.jpg,Ball
TEST,gs://bdcc-project1-346914-vcm/img/576b746caff4c58c.jpg,Ball
TEST,gs://bdcc-project1-346914-vcm/img/c19f6f1dc0944478.jpg,Ball
TEST,gs://bdcc-project1-346914-vcm/img/6b7c09cc768e8537.jpg,Ball
TEST,gs://bdcc-project1-346914-vcm/img/fbbe049b9997e225.jpg,Ball
TEST,gs://bdcc-project1-346914-vcm/img/d8d41b9ca06c8d73.jpg,Ball
TEST,gs://bdcc-project1-346914-vcm/img/dcd2e85bff2627ad.jpg,Ball
TEST,gs://bdcc-project1-346914-vcm/img/7ac48329496abefe.jpg,Ball
TRAIN,gs://bdcc-project1-346914-vcm/img/b763fed72c2f9880.jpg,Car
TRAIN,gs://bdcc-project1-346914-vcm/img/3cf67b16cfd35992.jpg,Car
TRAIN,gs://bdcc-project1-346914-vcm/img/d305c7da1cabcf11.jpg,Car
TRAIN,gs://bdcc-project1-346914-vcm/img/58018e60c3d58e77.jpg,Car
TRAIN,gs://bdcc-project1-346914-vcm/img/a8f4fc49392c3bc3.jpg,Car
TRAIN,gs://bdcc-project1-346914-vcm/img/0cdc92d24827cb9e.jpg,Car
TRAIN,gs://bdcc-project1-346914-vcm/img/01223353c774b4f4.jpg,Car
TRAIN,gs://bdcc-project1-346914-vcm/img/ad6d8b5cfbc7a191.jpg,Car
TRAIN,gs://bdcc-project1-346914-vcm/img/4eb822efa46f274b.jpg,Car
TRAIN,gs://bdcc-project1-346914-vcm/img/564f45bd414c8636.jpg,Car
TRAIN,gs://bdcc-project1-346914-vcm/img/69fa34f9380ca170.jpg,Car
TRAIN,gs://bdcc-project1-346914-vcm/img/dd23978a0d7a5837.jpg,Car
TRAIN,gs://bdcc-project1-346914-vcm/img/ffb260bc6cfd8829.jpg,Car
TRAIN,gs://bdcc-project1-346914-vcm/img/e0fbc2503aad86f7.jpg,Car
TRAIN,gs://bdcc-project1-346914-vcm/img/288380ce94481ac7.jpg,Car
TRAIN,gs://bdcc-project1-346914-vcm/img/bc86943aa8f5dc20.jpg,Car
TRAIN,gs://bdcc-project1-346914-vcm/img/744ef921345b6301.jpg,Car
TRAIN,gs://bdcc-project1-346914-vcm/img/88a9362218df313b.jpg,Car
TRAIN,gs://bdcc-project1-346914-vcm/img/614d0a9911587f78.jpg,Car
TRAIN,gs://bdcc-project1-346914-vcm/img/7ba0bc30666fe25f.jpg,Car
TRAIN,gs://bdcc-project1-346914-vcm/img/aaf78e5a0b8e2936.jpg,Car
TRAIN,gs://bdcc-project1-346914-vcm/img/91e97d88ed1087c3.jpg,Car
TRAIN,gs://bdcc-project1-346914-vcm/img/d26f67bade3006a0.jpg,Car
TRAIN,gs://bdcc-project1-346914-vcm/img/3e70529d3fdae4e2.jpg,Car
TRAIN,gs://bdcc-project1-346914-vcm/img/5dc8a3b813dddaca.jpg,Car
TRAIN,gs://bdcc-project1-346914-vcm/img/9a0d72d02c121d6b.jpg,Car
TRAIN,gs://bdcc-project1-346914-vcm/img/7fed59ee9b4d0338.jpg,Car
TRAIN,gs://bdcc-project1-346914-vcm/img/defacf6cd709d3df.jpg,Car
TRAIN,gs://bdcc-project1-346914-vcm/img/9cc9155837de157e.jpg,Car
TRAIN,gs://bdcc-project1-346914-vcm/img/8c1782a5b7781f5b.jpg,Car
TRAIN,gs://bdcc-project1-346914-vcm/img/714c1b75de37e165.jpg,Car
TRAIN,gs://bdcc-project1-346914-vcm/img/dca1d41b46cd5dd3.jpg,Car
TRAIN,gs://bdcc-project1-346914-vcm/img/5620f7cddfadaea7.jpg,Car
TRAIN,gs://bdcc-project1-346914-vcm/img/612c5ef7ea401fc0.jpg,Car
TRAIN,gs://bdcc-project1-346914-vcm/img/d5276b4539e2a09a.jpg,Car
TRAIN,gs://bdcc-project1-346914-vcm/img/f3154bbeb817bc62.jpg,Car
TRAIN,gs://bdcc-project1-346914-vcm/img/155f65d5e601fef0.jpg,Car
TRAIN,gs://bdcc-project1-346914-vcm/img/9db44024fb9004ef.jpg,Car
TRAIN,gs://bdcc-project1-346914-vcm/img/26a3a1f0c0ce4fe1.jpg,Car
TRAIN,gs://bdcc-project1-346914-vcm/img/def3339db1bde684.jpg,Car
TRAIN,gs://bdcc-project1-346914-vcm/img/55ddae1c842f48d1.jpg,Car
TRAIN,gs://bdcc-project1-346914-vcm/img/fec991192ca25081.jpg,Car
TRAIN,gs://bdcc-project1-346914-vcm/img/7a1e6bd044091d41.jpg,Car
TRAIN,gs://bdcc-project1-346914-vcm/img/3b2d6b53c81d4758.jpg,Car
TRAIN,gs://bdcc-project1-346914-vcm/img/764397b3b01b4d08.jpg,Car
TRAIN,gs://bdcc-project1-346914-vcm/img/61de3c63e0d6286b.jpg,Car
TRAIN,gs://bdcc-project1-346914-vcm/img/984d48f06aa37ec6.jpg,Car
TRAIN,gs://bdcc-project1-346914-vcm/img/08a194b88c803c5b.jpg,Car
TRAIN,gs://bdcc-project1-346914-vcm/img/02f38c8870910ae8.jpg,Car
TRAIN,gs://bdcc-project1-346914-vcm/img/95f64ab6c1d43af5.jpg,Car
TRAIN,gs://bdcc-project1-346914-vcm/img/b12f3354c9f2548a.jpg,Car
TRAIN,gs://bdcc-project1-346914-vcm/img/d7d0a0786f868d84.jpg,Car
TRAIN,gs://bdcc-project1-346914-vcm/img/4a14b7ef316a1079.jpg,Car
TRAIN,gs://bdcc-project1-346914-vcm/img/099b4942c6a592e5.jpg,Car
TRAIN,gs://bdcc-project1-346914-vcm/img/bd934b12c4acf2ab.jpg,Car
TRAIN,gs://bdcc-project1-346914-vcm/img/3f5beb805b0e8f9b.jpg,Car
TRAIN,gs://bdcc-project1-346914-vcm/img/bd65bfa507079ce6.jpg,Car
TRAIN,gs://bdcc-project1-346914-vcm/img/be10ce811e909c39.jpg,Car
TRAIN,gs://bdcc-project1-346914-vcm/img/0c3c2470dae73fa2.jpg,Car
TRAIN,gs://bdcc-project1-346914-vcm/img/ba5b5de2698f6e71.jpg,Car
TRAIN,gs://bdcc-project1-346914-vcm/img/9b399b91cc0f47b2.jpg,Car
TRAIN,gs://bdcc-project1-346914-vcm/img/7ca1da21cdb496e2.jpg,Car
TRAIN,gs://bdcc-project1-346914-vcm/img/9cabd3bdf85dbcef.jpg,Car
TRAIN,gs://bdcc-project1-346914-vcm/img/8fcfb43d73aeb558.jpg,Car
TRAIN,gs://bdcc-project1-346914-vcm/img/d75f96d53c2f0116.jpg,Car
TRAIN,gs://bdcc-project1-346914-vcm/img/0a6b075d5d70c26d.jpg,Car
TRAIN,gs://bdcc-project1-346914-vcm/img/a4cddccb09e3fbd0.jpg,Car
TRAIN,gs://bdcc-project1-346914-vcm/img/37d8cc6074089795.jpg,Car
TRAIN,gs://bdcc-project1-346914-vcm/img/b1ce9cc408f59bdb.jpg,Car
TRAIN,gs://bdcc-project1-346914-vcm/img/02da7d8121f652ee.jpg,Car
TRAIN,gs://bdcc-project1-346914-vcm/img/f3f12ff78948cfd8.jpg,Car
TRAIN,gs://bdcc-project1-346914-vcm/img/92898fa2cdfe85c5.jpg,Car
TRAIN,gs://bdcc-project1-346914-vcm/img/798037f896dca5f0.jpg,Car
TRAIN,gs://bdcc-project1-346914-vcm/img/d659c7ebafce8858.jpg,Car
TRAIN,gs://bdcc-project1-346914-vcm/img/53d2925c3e4fbb23.jpg,Car
TRAIN,gs://bdcc-project1-346914-vcm/img/a2be31ddb1d0a0fe.jpg,Car
TRAIN,gs://bdcc-project1-346914-vcm/img/48e1538af4ad037e.jpg,Car
TRAIN,gs://bdcc-project1-346914-vcm/img/ec488d1e31d7b472.jpg,Car
TRAIN,gs://bdcc-project1-346914-vcm/img/6d6c9829a7f4522b.jpg,Car
TRAIN,gs://bdcc-project1-346914-vcm/img/6f9457ac027e60cc.jpg,Car
VALIDATION,gs://bdcc-project1-346914-vcm/img/b24059289483ed8c.jpg,Car
VALIDATION,gs://bdcc-project1-346914-vcm/img/f8c609262815d9f4.jpg,Car
VALIDATION,gs://bdcc-project1-346914-vcm/img/e8881f8710d2c864.jpg,Car
VALIDATION,gs://bdcc-project1-346914-vcm/img/b1a777380204c1a4.jpg,Car
VALIDATION,gs://bdcc-project1-346914-vcm/img/4dad2752f339902b.jpg,Car
VALIDATION,gs://bdcc-project1-346914-vcm/img/b4bcbf3959c3ae5c.jpg,Car
VALIDATION,gs://bdcc-project1-346914-vcm/img/41ecbb354b8351a5.jpg,Car
VALIDATION,gs://bdcc-project1-346914-vcm/img/235a893889371e10.jpg,Car
VALIDATION,gs://bdcc-project1-346914-vcm/img/3edb30d0ae3c1ecb.jpg,Car
VALIDATION,gs://bdcc-project1-346914-vcm/img/aea665ea71bafd71.jpg,Car
TEST,gs://bdcc-project1-346914-vcm/img/f0778fcc3c4ac685.jpg,Car
TEST,gs://bdcc-project1-346914-vcm/img/c70692deead074a8.jpg,Car
TEST,gs://bdcc-project1-346914-vcm/img/3f2492f3bcf88740.jpg,Car
TEST,gs://bdcc-project1-346914-vcm/img/5d4a7d7fc82f4f57.jpg,Car
TEST,gs://bdcc-project1-346914-vcm/img/15cb145cde7d09c6.jpg,Car
TEST,gs://bdcc-project1-346914-vcm/img/502d0019cd445d62.jpg,Car
TEST,gs://bdcc-project1-346914-vcm/img/eae0367eec2c0fdb.jpg,Car
TEST,gs://bdcc-project1-346914-vcm/img/52a9dbfefe0e6863.jpg,Car
TEST,gs://bdcc-project1-346914-vcm/img/21e9dd6c7413c7a0.jpg,Car
TEST,gs://bdcc-project1-346914-vcm/img/668293342dade0ff.jpg,Car
TRAIN,gs://bdcc-project1-346914-vcm/img/7d203c9c134866b9.jpg,Dog
TRAIN,gs://bdcc-project1-346914-vcm/img/a959492bf5514f1d.jpg,Dog
TRAIN,gs://bdcc-project1-346914-vcm/img/3d999fc54ace47fd.jpg,Dog
TRAIN,gs://bdcc-project1-346914-vcm/img/76ea895a1b01c578.jpg,Dog
TRAIN,gs://bdcc-project1-346914-vcm/img/5ba91f52c1da789e.jpg,Dog
TRAIN,gs://bdcc-project1-346914-vcm/img/2c954b9dfd9cb0e3.jpg,Dog
TRAIN,gs://bdcc-project1-346914-vcm/img/fdc16237127aa7fb.jpg,Dog
TRAIN,gs://bdcc-project1-346914-vcm/img/eb6a929172af5a8e.jpg,Dog
TRAIN,gs://bdcc-project1-346914-vcm/img/1e09dbc200475925.jpg,Dog
TRAIN,gs://bdcc-project1-346914-vcm/img/1e55b8233563673b.jpg,Dog
TRAIN,gs://bdcc-project1-346914-vcm/img/12bc7fd64ae7c5fc.jpg,Dog
TRAIN,gs://bdcc-project1-346914-vcm/img/4dca787628862f9c.jpg,Dog
TRAIN,gs://bdcc-project1-346914-vcm/img/d9b53daf8d4ab86e.jpg,Dog
TRAIN,gs://bdcc-project1-346914-vcm/img/56219c4973ecbf9d.jpg,Dog
TRAIN,gs://bdcc-project1-346914-vcm/img/91efde4079f98cd7.jpg,Dog
TRAIN,gs://bdcc-project1-346914-vcm/img/2295442e65e04b0b.jpg,Dog
TRAIN,gs://bdcc-project1-346914-vcm/img/220af3b48caa6b7d.jpg,Dog
TRAIN,gs://bdcc-project1-346914-vcm/img/a75560d2b411a6fd.jpg,Dog
TRAIN,gs://bdcc-project1-346914-vcm/img/c5d883900b9f36b8.jpg,Dog
TRAIN,gs://bdcc-project1-346914-vcm/img/84b9a984da78f530.jpg,Dog
TRAIN,gs://bdcc-project1-346914-vcm/img/594a2f6d73511c55.jpg,Dog
TRAIN,gs://bdcc-project1-346914-vcm/img/5cce3fe93c350bb3.jpg,Dog
TRAIN,gs://bdcc-project1-346914-vcm/img/a629c4cd476a2d88.jpg,Dog
TRAIN,gs://bdcc-project1-346914-vcm/img/d2377b4ad9babb2d.jpg,Dog
TRAIN,gs://bdcc-project1-346914-vcm/img/812e9a87ffdfbe55.jpg,Dog
TRAIN,gs://bdcc-project1-346914-vcm/img/098538ef2d5e816d.jpg,Dog
TRAIN,gs://bdcc-project1-346914-vcm/img/d0405e2e91ed1bce.jpg,Dog
TRAIN,gs://bdcc-project1-346914-vcm/img/1e6de34d0d5af9f8.jpg,Dog
TRAIN,gs://bdcc-project1-346914-vcm/img/8f7e692c0253b761.jpg,Dog
TRAIN,gs://bdcc-project1-346914-vcm/img/9b567d10ae02ac78.jpg,Dog
TRAIN,gs://bdcc-project1-346914-vcm/img/b3da8bdc144abfeb.jpg,Dog
TRAIN,gs://bdcc-project1-346914-vcm/img/eb4d41a5a2e466e2.jpg,Dog
TRAIN,gs://bdcc-project1-346914-vcm/img/8a230b6ad7636b6e.jpg,Dog
TRAIN,gs://bdcc-project1-346914-vcm/img/580c34b47efe3522.jpg,Dog
TRAIN,gs://bdcc-project1-346914-vcm/img/31903e180b32b03a.jpg,Dog
TRAIN,gs://bdcc-project1-346914-vcm/img/38870b006dc338d5.jpg,Dog
TRAIN,gs://bdcc-project1-346914-vcm/img/1727e9861042f4b6.jpg,Dog
TRAIN,gs://bdcc-project1-346914-vcm/img/d4f71e5538460286.jpg,Dog
TRAIN,gs://bdcc-project1-346914-vcm/img/bd00a21d8491851e.jpg,Dog
TRAIN,gs://bdcc-project1-346914-vcm/img/bdff4e61eccf8198.jpg,Dog
TRAIN,gs://bdcc-project1-346914-vcm/img/d8a17342fca94f08.jpg,Dog
TRAIN,gs://bdcc-project1-346914-vcm/img/6e736277cb856604.jpg,Dog
TRAIN,gs://bdcc-project1-346914-vcm/img/3573b953a903d5fd.jpg,Dog
TRAIN,gs://bdcc-project1-346914-vcm/img/5e9f4feb0111b6f0.jpg,Dog
TRAIN,gs://bdcc-project1-346914-vcm/img/4377fcd757033b6b.jpg,Dog
TRAIN,gs://bdcc-project1-346914-vcm/img/f660f197892872a0.jpg,Dog
TRAIN,gs://bdcc-project1-346914-vcm/img/a027875d2a6c9f75.jpg,Dog
TRAIN,gs://bdcc-project1-346914-vcm/img/743f3d959300f521.jpg,Dog
TRAIN,gs://bdcc-project1-346914-vcm/img/182f32a7e06361bd.jpg,Dog
TRAIN,gs://bdcc-project1-346914-vcm/img/d1f0bf8207c1d2f2.jpg,Dog
TRAIN,gs://bdcc-project1-346914-vcm/img/b2acd85830c5e7ac.jpg,Dog
TRAIN,gs://bdcc-project1-346914-vcm/img/1ff0e2470b56fe3e.jpg,Dog
TRAIN,gs://bdcc-project1-346914-vcm/img/8cbdd6c3b7c74b41.jpg,Dog
TRAIN,gs://bdcc-project1-346914-vcm/img/1a55ceae86bd0205.jpg,Dog
TRAIN,gs://bdcc-project1-346914-vcm/img/e638a3dbf6d748a5.jpg,Dog
TRAIN,gs://bdcc-project1-346914-vcm/img/caf67f0f714d4de0.jpg,Dog
TRAIN,gs://bdcc-project1-346914-vcm/img/2744284a8f90881e.jpg,Dog
TRAIN,gs://bdcc-project1-346914-vcm/img/9d46b39cc5dd21f0.jpg,Dog
TRAIN,gs://bdcc-project1-346914-vcm/img/008ba50da8ca4bd6.jpg,Dog
TRAIN,gs://bdcc-project1-346914-vcm/img/71311ba432cd2ea1.jpg,Dog
TRAIN,gs://bdcc-project1-346914-vcm/img/40d735939ebabdd0.jpg,Dog
TRAIN,gs://bdcc-project1-346914-vcm/img/8636efa6fb4aab1a.jpg,Dog
TRAIN,gs://bdcc-project1-346914-vcm/img/12708c89e9278f6b.jpg,Dog
TRAIN,gs://bdcc-project1-346914-vcm/img/9375232274cfdb3d.jpg,Dog
TRAIN,gs://bdcc-project1-346914-vcm/img/5616a6bb8b5e48aa.jpg,Dog
TRAIN,gs://bdcc-project1-346914-vcm/img/3a75f75c6a3f26fa.jpg,Dog
TRAIN,gs://bdcc-project1-346914-vcm/img/bfd2cda59ffc2d00.jpg,Dog
TRAIN,gs://bdcc-project1-346914-vcm/img/422acc0e0f9ddee3.jpg,Dog
TRAIN,gs://bdcc-project1-346914-vcm/img/4c2e7ee842a3e2b3.jpg,Dog
TRAIN,gs://bdcc-project1-346914-vcm/img/e74277603f3472f0.jpg,Dog
TRAIN,gs://bdcc-project1-346914-vcm/img/33fc90f1e4e19e65.jpg,Dog
TRAIN,gs://bdcc-project1-346914-vcm/img/e53c0260bfbcc427.jpg,Dog
TRAIN,gs://bdcc-project1-346914-vcm/img/0a1779b2f3554d1a.jpg,Dog
TRAIN,gs://bdcc-project1-346914-vcm/img/04f8944064660d8f.jpg,Dog
TRAIN,gs://bdcc-project1-346914-vcm/img/c952914a7be833f0.jpg,Dog
TRAIN,gs://bdcc-project1-346914-vcm/img/24d0be0f23e5e4c1.jpg,Dog
TRAIN,gs://bdcc-project1-346914-vcm/img/dc1a4eb9be694b20.jpg,Dog
TRAIN,gs://bdcc-project1-346914-vcm/img/6ae3b42b5fff0bf0.jpg,Dog
TRAIN,gs://bdcc-project1-346914-vcm/img/461848d365335ecf.jpg,Dog
TRAIN,gs://bdcc-project1-346914-vcm/img/a5323c2da3993c20.jpg,Dog
VALIDATION,gs://bdcc-project1-346914-vcm/img/5d47c5a2a24c2749.jpg,Dog
VALIDATION,gs://bdcc-project1-346914-vcm/img/138fb632e5b26e65.jpg,Dog
VALIDATION,gs://bdcc-project1-346914-vcm/img/90aae7f287fce3e9.jpg,Dog
VALIDATION,gs://bdcc-project1-346914-vcm/img/bec4da031f88a80a.jpg,Dog
VALIDATION,gs://bdcc-project1-346914-vcm/img/49fe4460f7b4035a.jpg,Dog
VALIDATION,gs://bdcc-project1-346914-vcm/img/fb57123f6acaef6c.jpg,Dog
VALIDATION,gs://bdcc-project1-346914-vcm/img/ed15a38378645cba.jpg,Dog
VALIDATION,gs://bdcc-project1-346914-vcm/img/39d8385347964c3d.jpg,Dog
VALIDATION,gs://bdcc-project1-346914-vcm/img/8ae8bfa88847aaeb.jpg,Dog
VALIDATION,gs://bdcc-project1-346914-vcm/img/bac70869c7b300e0.jpg,Dog
TEST,gs://bdcc-project1-346914-vcm/img/1e5c8f16411549eb.jpg,Dog
TEST,gs://bdcc-project1-346914-vcm/img/9ff7fa2b728b552b.jpg,Dog
TEST,gs://bdcc-project1-346914-vcm/img/be418ea2bef8dbc3.jpg,Dog
TEST,gs://bdcc-project1-346914-vcm/img/3ebe87d54c778ac9.jpg,Dog
TEST,gs://bdcc-project1-346914-vcm/img/2ad179039c32a91f.jpg,Dog
TEST,gs://bdcc-project1-346914-vcm/img/9bad6152c8d7f7a6.jpg,Dog
TEST,gs://bdcc-project1-346914-vcm/img/26d6263c214a6444.jpg,Dog
TEST,gs://bdcc-project1-346914-vcm/img/34a142e35036effb.jpg,Dog
TEST,gs://bdcc-project1-346914-vcm/img/51cea6d0b892e042.jpg,Dog
TEST,gs://bdcc-project1-346914-vcm/img/c793d4f8ab48f130.jpg,Dog
TRAIN,gs://bdcc-project1-346914-vcm/img/bf13e6ad2753ca2b.jpg,Cat
TRAIN,gs://bdcc-project1-346914-vcm/img/585f3bef3d2af10b.jpg,Cat
TRAIN,gs://bdcc-project1-346914-vcm/img/12e262615d71d0d8.jpg,Cat
TRAIN,gs://bdcc-project1-346914-vcm/img/8a2088dad15de99f.jpg,Cat
TRAIN,gs://bdcc-project1-346914-vcm/img/69f955b20c4aae30.jpg,Cat
TRAIN,gs://bdcc-project1-346914-vcm/img/aab17c661742037d.jpg,Cat
TRAIN,gs://bdcc-project1-346914-vcm/img/5a659bd701b156e5.jpg,Cat
TRAIN,gs://bdcc-project1-346914-vcm/img/f3696fbdfedecb90.jpg,Cat
TRAIN,gs://bdcc-project1-346914-vcm/img/5b0c9af2803addc2.jpg,Cat
TRAIN,gs://bdcc-project1-346914-vcm/img/6e4bfaae84b8d107.jpg,Cat
TRAIN,gs://bdcc-project1-346914-vcm/img/28971eb57e9c7f6d.jpg,Cat
TRAIN,gs://bdcc-project1-346914-vcm/img/2bf6e7d6d96bcce6.jpg,Cat
TRAIN,gs://bdcc-project1-346914-vcm/img/e946e9130ec264a6.jpg,Cat
TRAIN,gs://bdcc-project1-346914-vcm/img/1f8be9f4e2488c19.jpg,Cat
TRAIN,gs://bdcc-project1-346914-vcm/img/27e8fb1d10c59f1a.jpg,Cat
TRAIN,gs://bdcc-project1-346914-vcm/img/613a59d150cd6df8.jpg,Cat
TRAIN,gs://bdcc-project1-346914-vcm/img/84c3b9805e3fb08d.jpg,Cat
TRAIN,gs://bdcc-project1-346914-vcm/img/e8683b6f42c2dbf4.jpg,Cat
TRAIN,gs://bdcc-project1-346914-vcm/img/bdd827df4ebaa702.jpg,Cat
TRAIN,gs://bdcc-project1-346914-vcm/img/d2fb96f8af047139.jpg,Cat
TRAIN,gs://bdcc-project1-346914-vcm/img/0b748340e89165f4.jpg,Cat
TRAIN,gs://bdcc-project1-346914-vcm/img/6fc105c6743a690b.jpg,Cat
TRAIN,gs://bdcc-project1-346914-vcm/img/4a66bf2820f6f710.jpg,Cat
TRAIN,gs://bdcc-project1-346914-vcm/img/6fa3618f5c349941.jpg,Cat
TRAIN,gs://bdcc-project1-346914-vcm/img/53bb7b316bcf14a1.jpg,Cat
TRAIN,gs://bdcc-project1-346914-vcm/img/d65ff9cd75f1f668.jpg,Cat
TRAIN,gs://bdcc-project1-346914-vcm/img/70f3d7df07695d09.jpg,Cat
TRAIN,gs://bdcc-project1-346914-vcm/img/fc93698251a94ae4.jpg,Cat
TRAIN,gs://bdcc-project1-346914-vcm/img/a37ed580164bd7f1.jpg,Cat
TRAIN,gs://bdcc-project1-346914-vcm/img/e2c4d40185b04e15.jpg,Cat
TRAIN,gs://bdcc-project1-346914-vcm/img/eb8b33b231a7c0ea.jpg,Cat
TRAIN,gs://bdcc-project1-346914-vcm/img/f38f9691361366a1.jpg,Cat
TRAIN,gs://bdcc-project1-346914-vcm/img/1af51178e84a4350.jpg,Cat
TRAIN,gs://bdcc-project1-346914-vcm/img/eb857a8bb62525bb.jpg,Cat
TRAIN,gs://bdcc-project1-346914-vcm/img/c6df082899e2fa75.jpg,Cat
TRAIN,gs://bdcc-project1-346914-vcm/img/155fadedae2caf64.jpg,Cat
TRAIN,gs://bdcc-project1-346914-vcm/img/96fcc74bd8a50a1e.jpg,Cat
TRAIN,gs://bdcc-project1-346914-vcm/img/45a26f40835253b2.jpg,Cat
TRAIN,gs://bdcc-project1-346914-vcm/img/e62ebee6d99be6b2.jpg,Cat
TRAIN,gs://bdcc-project1-346914-vcm/img/993abcdfcc589f69.jpg,Cat
TRAIN,gs://bdcc-project1-346914-vcm/img/81b23e7048a95ac9.jpg,Cat
TRAIN,gs://bdcc-project1-346914-vcm/img/f0c0826574834bfa.jpg,Cat
TRAIN,gs://bdcc-project1-346914-vcm/img/cc9a335749577de1.jpg,Cat
TRAIN,gs://bdcc-project1-346914-vcm/img/511d3f6782eaedf2.jpg,Cat
TRAIN,gs://bdcc-project1-346914-vcm/img/1cd1a4dcd90e3066.jpg,Cat
TRAIN,gs://bdcc-project1-346914-vcm/img/fd87baf4fc1f9624.jpg,Cat
TRAIN,gs://bdcc-project1-346914-vcm/img/f4830b273c9dd521.jpg,Cat
TRAIN,gs://bdcc-project1-346914-vcm/img/3d0ddfdbd00a7d81.jpg,Cat
TRAIN,gs://bdcc-project1-346914-vcm/img/5fd33522bf2388ae.jpg,Cat
TRAIN,gs://bdcc-project1-346914-vcm/img/3710ec8aa173c0f3.jpg,Cat
TRAIN,gs://bdcc-project1-346914-vcm/img/09c48ceb3b1dbaf9.jpg,Cat
TRAIN,gs://bdcc-project1-346914-vcm/img/deec76c0bcbba90a.jpg,Cat
TRAIN,gs://bdcc-project1-346914-vcm/img/71d13d72999119b9.jpg,Cat
TRAIN,gs://bdcc-project1-346914-vcm/img/fee2769e77184a90.jpg,Cat
TRAIN,gs://bdcc-project1-346914-vcm/img/5f54689fde47f25a.jpg,Cat
TRAIN,gs://bdcc-project1-346914-vcm/img/974246ede7fc63ef.jpg,Cat
TRAIN,gs://bdcc-project1-346914-vcm/img/8fe1d655dba4ec59.jpg,Cat
TRAIN,gs://bdcc-project1-346914-vcm/img/d148a6d3818198bf.jpg,Cat
TRAIN,gs://bdcc-project1-346914-vcm/img/ebc570060c2d9db0.jpg,Cat
TRAIN,gs://bdcc-project1-346914-vcm/img/c9a13aff68ebb62b.jpg,Cat
TRAIN,gs://bdcc-project1-346914-vcm/img/c9099ea717f338f6.jpg,Cat
TRAIN,gs://bdcc-project1-346914-vcm/img/c222ec3b75ec692e.jpg,Cat
TRAIN,gs://bdcc-project1-346914-vcm/img/099d79a1168e95a2.jpg,Cat
TRAIN,gs://bdcc-project1-346914-vcm/img/e7af060d245a54ad.jpg,Cat
TRAIN,gs://bdcc-project1-346914-vcm/img/01a471db31e88727.jpg,Cat
TRAIN,gs://bdcc-project1-346914-vcm/img/6c29933ec8698de5.jpg,Cat
TRAIN,gs://bdcc-project1-346914-vcm/img/dd90e9532ea13249.jpg,Cat
TRAIN,gs://bdcc-project1-346914-vcm/img/022d642a36f4a551.jpg,Cat
TRAIN,gs://bdcc-project1-346914-vcm/img/ee05d462f52f0b10.jpg,Cat
TRAIN,gs://bdcc-project1-346914-vcm/img/79f28b0cd2717979.jpg,Cat
TRAIN,gs://bdcc-project1-346914-vcm/img/56c3caafbba94156.jpg,Cat
TRAIN,gs://bdcc-project1-346914-vcm/img/f1293551ed3cf213.jpg,Cat
TRAIN,gs://bdcc-project1-346914-vcm/img/87fd6e61178f3d04.jpg,Cat
TRAIN,gs://bdcc-project1-346914-vcm/img/926be2b8a7e5e3e0.jpg,Cat
TRAIN,gs://bdcc-project1-346914-vcm/img/0b1166e05c7e2705.jpg,Cat
TRAIN,gs://bdcc-project1-346914-vcm/img/52aa452196a739af.jpg,Cat
TRAIN,gs://bdcc-project1-346914-vcm/img/bc1c3bf2da52fe84.jpg,Cat
TRAIN,gs://bdcc-project1-346914-vcm/img/7e102636e7abfc43.jpg,Cat
TRAIN,gs://bdcc-project1-346914-vcm/img/da9809b542e81c3b.jpg,Cat
TRAIN,gs://bdcc-project1-346914-vcm/img/e09677ead695afb6.jpg,Cat
VALIDATION,gs://bdcc-project1-346914-vcm/img/1aeebf46169f423b.jpg,Cat
VALIDATION,gs://bdcc-project1-346914-vcm/img/a3f8997f98ddf557.jpg,Cat
VALIDATION,gs://bdcc-project1-346914-vcm/img/a1df07b7b2b3f01b.jpg,Cat
VALIDATION,gs://bdcc-project1-346914-vcm/img/01e368998a68ff28.jpg,Cat
VALIDATION,gs://bdcc-project1-346914-vcm/img/dfdcd08e6bf7ca20.jpg,Cat
VALIDATION,gs://bdcc-project1-346914-vcm/img/7dd7e21c92058449.jpg,Cat
VALIDATION,gs://bdcc-project1-346914-vcm/img/41c31aca0f568845.jpg,Cat
VALIDATION,gs://bdcc-project1-346914-vcm/img/2fa536c7a51fa047.jpg,Cat
VALIDATION,gs://bdcc-project1-346914-vcm/img/10d3664ec0bb4dc9.jpg,Cat
VALIDATION,gs://bdcc-project1-346914-vcm/img/3ff56da98093083b.jpg,Cat
TEST,gs://bdcc-project1-346914-vcm/img/9543984b8ba4e8a4.jpg,Cat
TEST,gs://bdcc-project1-346914-vcm/img/47856da5a73dfbd7.jpg,Cat
TEST,gs://bdcc-project1-346914-vcm/img/7d4fbf0d58acb9a3.jpg,Cat
TEST,gs://bdcc-project1-346914-vcm/img/f5b432a274bc716c.jpg,Cat
TEST,gs://bdcc-project1-346914-vcm/img/84642092f44d0756.jpg,Cat
TEST,gs://bdcc-project1-346914-vcm/img/0a4bfa962852da33.jpg,Cat
TEST,gs://bdcc-project1-346914-vcm/img/3eefc87b39fc86a6.jpg,Cat
TEST,gs://bdcc-project1-346914-vcm/img/a584c607b21bf181.jpg,Cat
TEST,gs://bdcc-project1-346914-vcm/img/b572ddba4de5d202.jpg,Cat
TEST,gs://bdcc-project1-346914-vcm/img/2a7d32e4352c4a14.jpg,Cat
TRAIN,gs://bdcc-project1-346914-vcm/img/31a6afe433e4c2b9.jpg,Fish
TRAIN,gs://bdcc-project1-346914-vcm/img/3a6e867a5df848b0.jpg,Fish
TRAIN,gs://bdcc-project1-346914-vcm/img/24b2d0ac43489e27.jpg,Fish
TRAIN,gs://bdcc-project1-346914-vcm/img/af259e0abcfba646.jpg,Fish
TRAIN,gs://bdcc-project1-346914-vcm/img/e11e9a49b4b15d62.jpg,Fish
TRAIN,gs://bdcc-project1-346914-vcm/img/913457f858ab5fe3.jpg,Fish
TRAIN,gs://bdcc-project1-346914-vcm/img/5505b71ac547587f.jpg,Fish
TRAIN,gs://bdcc-project1-346914-vcm/img/ada9134d6a9059f7.jpg,Fish
TRAIN,gs://bdcc-project1-346914-vcm/img/38488a1e17624cc2.jpg,Fish
TRAIN,gs://bdcc-project1-346914-vcm/img/26f342edcb5a979a.jpg,Fish
TRAIN,gs://bdcc-project1-346914-vcm/img/fac50861705037cc.jpg,Fish
TRAIN,gs://bdcc-project1-346914-vcm/img/f525df78fdbdb2aa.jpg,Fish
TRAIN,gs://bdcc-project1-346914-vcm/img/c1c0e498d949f2e8.jpg,Fish
TRAIN,gs://bdcc-project1-346914-vcm/img/f21bbf9662e9a6aa.jpg,Fish
TRAIN,gs://bdcc-project1-346914-vcm/img/06228862b407bdc0.jpg,Fish
TRAIN,gs://bdcc-project1-346914-vcm/img/5de6a8889cbbafdf.jpg,Fish
TRAIN,gs://bdcc-project1-346914-vcm/img/2cc8214e01ac1bdd.jpg,Fish
TRAIN,gs://bdcc-project1-346914-vcm/img/716f87f891a1940c.jpg,Fish
TRAIN,gs://bdcc-project1-346914-vcm/img/f402e7bd164af856.jpg,Fish
TRAIN,gs://bdcc-project1-346914-vcm/img/d35a27bd716e5460.jpg,Fish
TRAIN,gs://bdcc-project1-346914-vcm/img/18c07446aa4514e1.jpg,Fish
TRAIN,gs://bdcc-project1-346914-vcm/img/602267ad319756fd.jpg,Fish
TRAIN,gs://bdcc-project1-346914-vcm/img/1b96c22c8d8e417f.jpg,Fish
TRAIN,gs://bdcc-project1-346914-vcm/img/7bf478b4a857a6a6.jpg,Fish
TRAIN,gs://bdcc-project1-346914-vcm/img/7cb437948674ddae.jpg,Fish
TRAIN,gs://bdcc-project1-346914-vcm/img/2a487daf85d5687a.jpg,Fish
TRAIN,gs://bdcc-project1-346914-vcm/img/693e7ee8b64502a3.jpg,Fish
TRAIN,gs://bdcc-project1-346914-vcm/img/82a5e978173b4994.jpg,Fish
TRAIN,gs://bdcc-project1-346914-vcm/img/f3490fa0a7179b92.jpg,Fish
TRAIN,gs://bdcc-project1-346914-vcm/img/914e8c41dded2dc6.jpg,Fish
TRAIN,gs://bdcc-project1-346914-vcm/img/1ee1c0186b66bda1.jpg,Fish
TRAIN,gs://bdcc-project1-346914-vcm/img/51df3dc1bc636ef5.jpg,Fish
TRAIN,gs://bdcc-project1-346914-vcm/img/65755d157c8e5ec7.jpg,Fish
TRAIN,gs://bdcc-project1-346914-vcm/img/67f5b288e2f5fb78.jpg,Fish
TRAIN,gs://bdcc-project1-346914-vcm/img/a63fee88a6d62ad6.jpg,Fish
TRAIN,gs://bdcc-project1-346914-vcm/img/4b2c12697307cdf8.jpg,Fish
TRAIN,gs://bdcc-project1-346914-vcm/img/292ee7e98523d179.jpg,Fish
TRAIN,gs://bdcc-project1-346914-vcm/img/6548732ddd48efee.jpg,Fish
TRAIN,gs://bdcc-project1-346914-vcm/img/61a33c4c7c5df7bd.jpg,Fish
TRAIN,gs://bdcc-project1-346914-vcm/img/d9c401ef178f705f.jpg,Fish
TRAIN,gs://bdcc-project1-346914-vcm/img/451d245288de0a27.jpg,Fish
TRAIN,gs://bdcc-project1-346914-vcm/img/137b42df5570bf60.jpg,Fish
TRAIN,gs://bdcc-project1-346914-vcm/img/444d67a08c441b05.jpg,Fish
TRAIN,gs://bdcc-project1-346914-vcm/img/de13e8d65693c938.jpg,Fish
TRAIN,gs://bdcc-project1-346914-vcm/img/be653fd9d07199d0.jpg,Fish
TRAIN,gs://bdcc-project1-346914-vcm/img/24d1b908afdf798d.jpg,Fish
TRAIN,gs://bdcc-project1-346914-vcm/img/b41aa46f3d03afd8.jpg,Fish
TRAIN,gs://bdcc-project1-346914-vcm/img/1004708828396a84.jpg,Fish
TRAIN,gs://bdcc-project1-346914-vcm/img/58b580699228c990.jpg,Fish
TRAIN,gs://bdcc-project1-346914-vcm/img/5a0510ad444df148.jpg,Fish
TRAIN,gs://bdcc-project1-346914-vcm/img/b7636d421501d144.jpg,Fish
TRAIN,gs://bdcc-project1-346914-vcm/img/69f25249aa5bbfd1.jpg,Fish
TRAIN,gs://bdcc-project1-346914-vcm/img/6cb95cdd47cb997b.jpg,Fish
TRAIN,gs://bdcc-project1-346914-vcm/img/70e41f25ea3f3473.jpg,Fish
TRAIN,gs://bdcc-project1-346914-vcm/img/4eb7911ead74820b.jpg,Fish
TRAIN,gs://bdcc-project1-346914-vcm/img/8dcc0c7336e3a921.jpg,Fish
TRAIN,gs://bdcc-project1-346914-vcm/img/9d1dd96b266f1a86.jpg,Fish
TRAIN,gs://bdcc-project1-346914-vcm/img/1e7fb95a4923d144.jpg,Fish
TRAIN,gs://bdcc-project1-346914-vcm/img/b24e0e660cd9a9b6.jpg,Fish
TRAIN,gs://bdcc-project1-346914-vcm/img/a09f3885adc8114d.jpg,Fish
TRAIN,gs://bdcc-project1-346914-vcm/img/c2ecbb75f03f0135.jpg,Fish
TRAIN,gs://bdcc-project1-346914-vcm/img/c4dc9460617a3192.jpg,Fish
TRAIN,gs://bdcc-project1-346914-vcm/img/2105a2e0da3824db.jpg,Fish
TRAIN,gs://bdcc-project1-346914-vcm/img/f06760c89eb3e8bc.jpg,Fish
TRAIN,gs://bdcc-project1-346914-vcm/img/7c8cf10d3f377dc3.jpg,Fish
TRAIN,gs://bdcc-project1-346914-vcm/img/d490d9259082f98f.jpg,Fish
TRAIN,gs://bdcc-project1-346914-vcm/img/7a081909a1c24490.jpg,Fish
TRAIN,gs://bdcc-project1-346914-vcm/img/c793894b34780e0a.jpg,Fish
TRAIN,gs://bdcc-project1-346914-vcm/img/d2e672f4c9df975f.jpg,Fish
TRAIN,gs://bdcc-project1-346914-vcm/img/83146ac6ae4b6351.jpg,Fish
TRAIN,gs://bdcc-project1-346914-vcm/img/fc0d37d8cba4d162.jpg,Fish
TRAIN,gs://bdcc-project1-346914-vcm/img/56e64bf16a61cee4.jpg,Fish
TRAIN,gs://bdcc-project1-346914-vcm/img/6e255179c2fbaa72.jpg,Fish
TRAIN,gs://bdcc-project1-346914-vcm/img/53eae34f7d4483f7.jpg,Fish
TRAIN,gs://bdcc-project1-346914-vcm/img/a5856a86d01c93d6.jpg,Fish
TRAIN,gs://bdcc-project1-346914-vcm/img/ab65e9c0bf7194ad.jpg,Fish
TRAIN,gs://bdcc-project1-346914-vcm/img/c12afc1e8e05d590.jpg,Fish
TRAIN,gs://bdcc-project1-346914-vcm/img/3cf4793b46f70b38.jpg,Fish
TRAIN,gs://bdcc-project1-346914-vcm/img/4f0b612e8c3ddca3.jpg,Fish
TRAIN,gs://bdcc-project1-346914-vcm/img/6fc605153ad78a50.jpg,Fish
VALIDATION,gs://bdcc-project1-346914-vcm/img/c5e7c2c455fe5e3f.jpg,Fish
VALIDATION,gs://bdcc-project1-346914-vcm/img/fc46032e5a3942c4.jpg,Fish
VALIDATION,gs://bdcc-project1-346914-vcm/img/3879c70f9137e033.jpg,Fish
VALIDATION,gs://bdcc-project1-346914-vcm/img/e22bb88d67d5695d.jpg,Fish
VALIDATION,gs://bdcc-project1-346914-vcm/img/bf2ed02f842d9c91.jpg,Fish
VALIDATION,gs://bdcc-project1-346914-vcm/img/3f4673d59e7f8f73.jpg,Fish
VALIDATION,gs://bdcc-project1-346914-vcm/img/bd7a1c2e64b83d25.jpg,Fish
VALIDATION,gs://bdcc-project1-346914-vcm/img/7f4755589f2f3907.jpg,Fish
VALIDATION,gs://bdcc-project1-346914-vcm/img/f99959dd25f6d89e.jpg,Fish
VALIDATION,gs://bdcc-project1-346914-vcm/img/23a1c21cb71ef792.jpg,Fish
TEST,gs://bdcc-project1-346914-vcm/img/aab88362d5bebd9c.jpg,Fish
TEST,gs://bdcc-project1-346914-vcm/img/35f21a5881189976.jpg,Fish
TEST,gs://bdcc-project1-346914-vcm/img/2bc925f183f1cf34.jpg,Fish
TEST,gs://bdcc-project1-346914-vcm/img/558a8a7dc5cca11d.jpg,Fish
TEST,gs://bdcc-project1-346914-vcm/img/15e1f3067940c9b0.jpg,Fish
TEST,gs://bdcc-project1-346914-vcm/img/869c2de544ac5952.jpg,Fish
TEST,gs://bdcc-project1-346914-vcm/img/fd9925adfb7203e5.jpg,Fish
TEST,gs://bdcc-project1-346914-vcm/img/769432dfe07e9b80.jpg,Fish
TEST,gs://bdcc-project1-346914-vcm/img/dd2b0dbf948a8bc2.jpg,Fish
TEST,gs://bdcc-project1-346914-vcm/img/3f53a765c4612891.jpg,Fish
TRAIN,gs://bdcc-project1-346914-vcm/img/7003b8bbc5bb749f.jpg,House
TRAIN,gs://bdcc-project1-346914-vcm/img/aabd43f51fb517c7.jpg,House
TRAIN,gs://bdcc-project1-346914-vcm/img/f77ca1cdd6bf3d89.jpg,House
TRAIN,gs://bdcc-project1-346914-vcm/img/d1aca327d966d497.jpg,House
TRAIN,gs://bdcc-project1-346914-vcm/img/197eb0e28e93bfb3.jpg,House
TRAIN,gs://bdcc-project1-346914-vcm/img/02c6ced79b2a3ae0.jpg,House
TRAIN,gs://bdcc-project1-346914-vcm/img/60ec7a80450e7f3f.jpg,House
TRAIN,gs://bdcc-project1-346914-vcm/img/e108b5a2cbbc1ef5.jpg,House
TRAIN,gs://bdcc-project1-346914-vcm/img/b240c1edea420c27.jpg,House
TRAIN,gs://bdcc-project1-346914-vcm/img/fa7559130f63ae25.jpg,House
TRAIN,gs://bdcc-project1-346914-vcm/img/363ca9571e4863dc.jpg,House
TRAIN,gs://bdcc-project1-346914-vcm/img/c3c477a368ceeecd.jpg,House
TRAIN,gs://bdcc-project1-346914-vcm/img/6c62d80e3ee868dd.jpg,House
TRAIN,gs://bdcc-project1-346914-vcm/img/f426154ac47a6631.jpg,House
TRAIN,gs://bdcc-project1-346914-vcm/img/66dd8b8bab228ec8.jpg,House
TRAIN,gs://bdcc-project1-346914-vcm/img/4226aedbc485f6be.jpg,House
TRAIN,gs://bdcc-project1-346914-vcm/img/87a94230e826a1fe.jpg,House
TRAIN,gs://bdcc-project1-346914-vcm/img/18d810db85567286.jpg,House
TRAIN,gs://bdcc-project1-346914-vcm/img/1bc029dc91911dee.jpg,House
TRAIN,gs://bdcc-project1-346914-vcm/img/7bec8a143680b360.jpg,House
TRAIN,gs://bdcc-project1-346914-vcm/img/7164a77a4ca7140b.jpg,House
TRAIN,gs://bdcc-project1-346914-vcm/img/1a9ded32c7162733.jpg,House
TRAIN,gs://bdcc-project1-346914-vcm/img/990df059e8097958.jpg,House
TRAIN,gs://bdcc-project1-346914-vcm/img/6df01ddbde9dd054.jpg,House
TRAIN,gs://bdcc-project1-346914-vcm/img/0f746985983c4b14.jpg,House
TRAIN,gs://bdcc-project1-346914-vcm/img/8399c3fc6e496602.jpg,House
TRAIN,gs://bdcc-project1-346914-vcm/img/7e4a1755f6424afb.jpg,House
TRAIN,gs://bdcc-project1-346914-vcm/img/b47ff7debd3e208d.jpg,House
TRAIN,gs://bdcc-project1-346914-vcm/img/689fdd77f8955571.jpg,House
TRAIN,gs://bdcc-project1-346914-vcm/img/32276ec3dcff9fbe.jpg,House
TRAIN,gs://bdcc-project1-346914-vcm/img/61c6b281cce5e80d.jpg,House
TRAIN,gs://bdcc-project1-346914-vcm/img/98ebdc21a1022df0.jpg,House
TRAIN,gs://bdcc-project1-346914-vcm/img/248adf750e016454.jpg,House
TRAIN,gs://bdcc-project1-346914-vcm/img/dc8e3e5db717e88d.jpg,House
TRAIN,gs://bdcc-project1-346914-vcm/img/138b859bb7993af3.jpg,House
TRAIN,gs://bdcc-project1-346914-vcm/img/2665d778c724f44b.jpg,House
TRAIN,gs://bdcc-project1-346914-vcm/img/316480418ddc8792.jpg,House
TRAIN,gs://bdcc-project1-346914-vcm/img/36c7ceaaa6cf450e.jpg,House
TRAIN,gs://bdcc-project1-346914-vcm/img/c66827f8c3d12eb2.jpg,House
TRAIN,gs://bdcc-project1-346914-vcm/img/c218f6192c6e75ef.jpg,House
TRAIN,gs://bdcc-project1-346914-vcm/img/ab23bc35fbe1891c.jpg,House
TRAIN,gs://bdcc-project1-346914-vcm/img/989d2e97419f9caa.jpg,House
TRAIN,gs://bdcc-project1-346914-vcm/img/ed4874470df33ad3.jpg,House
TRAIN,gs://bdcc-project1-346914-vcm/img/ae3178e77349635e.jpg,House
TRAIN,gs://bdcc-project1-346914-vcm/img/f6ab97836c153c54.jpg,House
TRAIN,gs://bdcc-project1-346914-vcm/img/dcc955c70a40db6c.jpg,House
TRAIN,gs://bdcc-project1-346914-vcm/img/de7fda1f4cc6bb55.jpg,House
TRAIN,gs://bdcc-project1-346914-vcm/img/63efcf4295191cac.jpg,House
TRAIN,gs://bdcc-project1-346914-vcm/img/977cab907e216e9b.jpg,House
TRAIN,gs://bdcc-project1-346914-vcm/img/8d2688f285da4ff9.jpg,House
TRAIN,gs://bdcc-project1-346914-vcm/img/09e4b45529009b1e.jpg,House
TRAIN,gs://bdcc-project1-346914-vcm/img/d39fa9d42f4fb9dc.jpg,House
TRAIN,gs://bdcc-project1-346914-vcm/img/0d0ab533f365188d.jpg,House
TRAIN,gs://bdcc-project1-346914-vcm/img/ed58185b1ff8a6fc.jpg,House
TRAIN,gs://bdcc-project1-346914-vcm/img/21567f13e0afc587.jpg,House
TRAIN,gs://bdcc-project1-346914-vcm/img/662cbb09ac351d36.jpg,House
TRAIN,gs://bdcc-project1-346914-vcm/img/de837232cd9d51e8.jpg,House
TRAIN,gs://bdcc-project1-346914-vcm/img/9570edd9ea72d2e6.jpg,House
TRAIN,gs://bdcc-project1-346914-vcm/img/a04ea00ec294969f.jpg,House
TRAIN,gs://bdcc-project1-346914-vcm/img/3e8d7162388f8143.jpg,House
TRAIN,gs://bdcc-project1-346914-vcm/img/d49ba5d956c0d704.jpg,House
TRAIN,gs://bdcc-project1-346914-vcm/img/0fd80ffdb1fffc05.jpg,House
TRAIN,gs://bdcc-project1-346914-vcm/img/0878bd099f9ee463.jpg,House
TRAIN,gs://bdcc-project1-346914-vcm/img/2abb8291e8ca37b1.jpg,House
TRAIN,gs://bdcc-project1-346914-vcm/img/09a59bc2b4f3a2a2.jpg,House
TRAIN,gs://bdcc-project1-346914-vcm/img/847b71efa90ee694.jpg,House
TRAIN,gs://bdcc-project1-346914-vcm/img/228b1ad942a841ea.jpg,House
TRAIN,gs://bdcc-project1-346914-vcm/img/76b7ed9f47e368e5.jpg,House
TRAIN,gs://bdcc-project1-346914-vcm/img/92a2a4363fc7369a.jpg,House
TRAIN,gs://bdcc-project1-346914-vcm/img/f14cdd8ea512d6f4.jpg,House
TRAIN,gs://bdcc-project1-346914-vcm/img/28eda5d92e68547e.jpg,House
TRAIN,gs://bdcc-project1-346914-vcm/img/4524f4ee8b46c554.jpg,House
TRAIN,gs://bdcc-project1-346914-vcm/img/4244f089ccfaeebb.jpg,House
TRAIN,gs://bdcc-project1-346914-vcm/img/ef6f31dc0756fea0.jpg,House
TRAIN,gs://bdcc-project1-346914-vcm/img/bdd06d7c993dcc13.jpg,House
TRAIN,gs://bdcc-project1-346914-vcm/img/d07d40b646c3923f.jpg,House
TRAIN,gs://bdcc-project1-346914-vcm/img/bcbd8f7635d788fc.jpg,House
TRAIN,gs://bdcc-project1-346914-vcm/img/0cdff63866e73613.jpg,House
TRAIN,gs://bdcc-project1-346914-vcm/img/2dbbfef42a714722.jpg,House
TRAIN,gs://bdcc-project1-346914-vcm/img/d7e569a613072a23.jpg,House
VALIDATION,gs://bdcc-project1-346914-vcm/img/18382da9ac61384c.jpg,House
VALIDATION,gs://bdcc-project1-346914-vcm/img/06de6c4d3f9669e3.jpg,House
VALIDATION,gs://bdcc-project1-346914-vcm/img/2e9655bc76be10ca.jpg,House
VALIDATION,gs://bdcc-project1-346914-vcm/img/6c328074006812c7.jpg,House
VALIDATION,gs://bdcc-project1-346914-vcm/img/ce8dc9cf8d2bc765.jpg,House
VALIDATION,gs://bdcc-project1-346914-vcm/img/7469e1960908c951.jpg,House
VALIDATION,gs://bdcc-project1-346914-vcm/img/6bac4098c250a84c.jpg,House
VALIDATION,gs://bdcc-project1-346914-vcm/img/5cb532f838cf5a5c.jpg,House
VALIDATION,gs://bdcc-project1-346914-vcm/img/939f53b33f346740.jpg,House
VALIDATION,gs://bdcc-project1-346914-vcm/img/0dea7913ba6661d8.jpg,House
TEST,gs://bdcc-project1-346914-vcm/img/42bcae11117f4791.jpg,House
TEST,gs://bdcc-project1-346914-vcm/img/612f5bcf33013186.jpg,House
TEST,gs://bdcc-project1-346914-vcm/img/2e815e4330cb123d.jpg,House
TEST,gs://bdcc-project1-346914-vcm/img/60314364956afe7e.jpg,House
TEST,gs://bdcc-project1-346914-vcm/img/99c71f057dc11575.jpg,House
TEST,gs://bdcc-project1-346914-vcm/img/eca812d74f2579b6.jpg,House
TEST,gs://bdcc-project1-346914-vcm/img/d362fbcaa8af27db.jpg,House
TEST,gs://bdcc-project1-346914-vcm/img/10470490a0bee26a.jpg,House
TEST,gs://bdcc-project1-346914-vcm/img/66e8154234ab4ea4.jpg,House
TEST,gs://bdcc-project1-346914-vcm/img/00d0d3f1a60604af.jpg,House
